track_index,0.0,0.2,0.5,0.8,1.0,1.2,1.5,1.8,2.0,2.2,2.5,2.8,3.0,3.2,3.5,3.8,4.0,4.2,4.5,4.8,5.0,5.2,5.5,5.8,6.0,6.2,6.5,6.8,7.0,7.2,7.5,7.8,8.0,8.2,8.5,8.8,9.0,9.2,9.5,9.8,10.0,10.2,10.5,10.8,11.0,11.2,11.5,11.8,12.0,12.2,12.5,12.8,13.0,13.2,13.5,13.8,14.0,14.2,14.5,14.8,15.0,15.2,15.5,15.8,16.0,16.2,16.5,16.8,17.0,17.2,17.5,17.8,18.0,18.2,18.5,18.8,19.0,19.2,19.5,19.8,20.0,20.2,20.5,20.8,21.0,21.2,21.5,site,cell__treatment,median
14_1000044618_heya8_cdk2_mdmx__bmn673,0.01653998371309224,0.048249633058719314,0.011779941553950771,0.031443711110724484,0.03936910293747869,0.0592664991596046,0.12008679214398815,0.10709576335425196,0.07013566341463093,0.04071161419198725,0.01723256335440867,0.012052627351933088,0.006872691349457667,0.0038746089056394734,0.0008765264618214408,-0.00045336899794513446,-0.0017832644577117094,0.023916091144712732,0.021571064414406926,0.01922603768410128,0.016881010953795468,0.014535984223489666,0.012190957493183859,0.009845930762878057,0.007500904032572409,0.005155877302266604,0.04491474416352242,0.03373316928738008,0.05509714079778517,0.05586335888965723,0.08666675186875833,0.09972487749966764,0.12444594239657558,0.11085438972810953,0.1244045114204974,0.13649845430468688,0.1944153430035703,0.1298929520377385,0.12426148799978365,0.0908487621670018,0.04603192861849047,0.040791095096216624,0.03033845944595816,0.04512714420671535,0.013318549267087858,0.1234205963899572,0.05016219881063883,0.040382889281327064,0.038739590277568015,0.03565309242139194,0.049746450830087975,0.008285794230343242,0.005933717099050167,0.003581639967757092,0.0012295628364640172,0.017589318326173463,0.021506057671460785,0.025478689100518058,0.006938654150056584,0.061836224809458835,0.00573886580929606,0.015903328133229942,0.008474580627706755,0.08219736265037783,0.0935454251675841,0.11323189391398765,0.12684908409207898,0.10265335015594833,0.1169975905675813,0.115672010258615,0.05152321252497764,0.034533790813246146,0.031167728967634582,0.027165447919053943,0.050325224712864464,0.01951626982297807,0.017021741092635403,0.02051736451386367,0.04089997528279528,0.04882153241644431,0.02659351615973064,0.02665510087426416,0.026716685588797844,0.013833540495542177,0.2310570078239915,0.028469782461263988,0.01905485198318872,14,heya8_cdk2_mdmx__bmn673,0.03373316928738008
96_1000241684_heya8_cdk2_mdmx__bmn673,0.07090551139749046,0.0762119877810124,0.07822495935701272,0.08891939382977138,0.07369182406765244,0.07968321375327853,0.07649029295626322,0.10690481053930244,0.09640749488211804,0.0794962728868582,0.08641248549652113,0.05578541383332301,0.09343104516566604,0.054115643787512206,0.15325790504397266,0.1397298048647041,0.18371635249155813,0.13253704778602973,0.10873116405159207,0.3860673517868027,0.38448232446058506,0.3734497729033544,0.6594108170028983,0.6494326426049142,0.685950715576967,0.6741216131637695,0.6471272476110324,0.6446349548435257,0.6518683789012115,0.6131337976250105,0.6657702572414604,0.6785144958128133,0.7632105943511918,0.6838357570689912,0.6426377103351708,0.6897183808327175,0.6784420711608063,0.6379941463819038,0.6550333561354659,0.7295577549563508,0.7076771468451981,0.6396211148258321,0.6728391323443923,0.6228912626425354,0.6147911785776488,0.5795217123858418,0.586460767103532,0.5977123530495565,0.6575595450793663,0.6399582301792152,0.6213463996128623,0.6723974417979942,0.5926344349518721,0.5559478153731431,0.5927373775061141,0.5435879272905628,0.5203601782511981,0.5020585766895459,0.4867947250179945,0.5011764399428692,0.4763658546888308,0.4567993985370058,0.4240245064856599,0.3793305216513118,0.32880812161982786,0.3898742292970933,0.2766707592644733,0.3040668253009033,0.25578892979995715,0.3793076969610482,0.2805943441313883,0.3507440363409744,0.3269265724479685,0.3271577382349325,0.2674721235438414,0.26099522914469536,0.2404005864077817,0.21582885554165374,0.7499770790702072,0.6921371840444452,0.6645597461138864,0.5613652195641067,0.40599786057528536,0.29826327900386385,0.23903120294100316,0.24590445931916236,0.2543430036664948,96,heya8_cdk2_mdmx__bmn673,0.4567993985370058
72_1000144160_heya8_cdk2_mdmx__bmn673,0.8446683596331331,0.8504918412490877,0.8490373056208192,0.8520491995607843,0.855552175752819,0.8581739146179628,0.8546811116528965,0.8885969327842149,0.8666266751155435,0.8639509721334787,0.8902357874956309,0.8541253851629481,0.8639395957739735,0.8542714375047208,0.8863830119763165,0.8868550458625655,0.8749076550100584,0.9044876717327622,0.832602475635636,0.8666425977125036,0.9050012370373974,0.8676699187240642,0.9128037527628784,0.9431363101322926,0.937692567310953,0.9247242914142454,0.9521010578741436,0.9830424461611604,0.9609427443007418,0.9546687731293472,0.969798090916338,0.9704206871205848,0.984969281193233,0.9801377296369632,0.9844080934671916,0.9839049293704092,0.967951798502086,0.9620811249207902,0.9562104513394942,0.95188516705786,0.9503904893294596,0.9488958116010598,0.9474011338726598,0.9640835557503936,0.9807659776281272,0.9472005225058012,0.9734805399830692,0.9893251500730084,0.8953294783584468,0.9119601752433639,0.9285908721282812,0.9452215690131984,0.961852265898116,0.9784829627830329,0.9951136596679504,0.6733189434893688,0.5564189630729982,0.6295861406957328,0.5769716154211489,0.5255021626033514,0.476386977667285,0.31059639983396153,0.19114836782595507,0.1487082947225173,0.15667841101559807,0.17755620099663047,0.14920319595086168,0.1335395669687835,0.17046846328636928,0.2192673449509616,0.2592944711303721,0.30477351309595,0.2905904469901411,0.3029628551115533,0.3525149115265476,0.3652118413807415,0.4661866928013525,0.4735751691746194,0.5650541796619576,0.5245046927021608,0.6059656881801114,0.6558114968971808,0.5955599843226049,0.5943534628262463,0.5568974955162762,0.6098691529533962,0.2996564962052892,72,heya8_cdk2_mdmx__bmn673,0.8639509721334787
66_1000131151_heya8_cdk2_mdmx__bmn673,0.908008306681374,0.9727928202391154,0.9785381773414784,0.8670887358779834,0.8705714065219662,0.8791919529621529,0.9461790606305974,0.914716588917842,0.8708953749321174,0.8603807673482218,0.8714950778780306,0.8061156343305289,0.7082002414115414,0.7591231291750846,0.854229118046949,0.9171279333110881,0.9001992229425948,0.961340008669488,0.9802523831028284,0.9242937894441344,0.9944591666920598,0.9702131147807759,0.9596985175451812,0.9491839203095864,0.9386693230739916,0.9281547258383968,0.917640128602802,0.9147113017770996,0.9117824749513967,0.8634884500282317,0.9354344284565403,0.9108906684416906,0.8907549751715182,0.907657497772889,0.8938460645252926,0.8854099577032901,0.7680138370250337,0.7669441529124745,0.7738192644056829,0.7676553299143891,0.7237896886249109,0.7061974661965604,0.6539590047782475,0.6266100878058605,0.5611971888476748,0.4696280806250959,0.3793240463314409,0.288239620981722,0.19139502115952853,0.11057750840391058,0.0813709638667022,0.0525866380482941,0.028870370519010775,0.03504386625027684,0.0011930715603302115,0.0052511931822408035,0.009309314804151394,-0.0005599706821348466,0.0340044274705018,0.03743106366263066,0.04085769985475953,0.0442843360468884,0.046569640756176534,0.048854945465464664,0.06471821383978886,0.10308420052350296,0.12330260891546263,0.0784979964466101,0.04302817661299293,0.0769272577846141,0.05202673484404463,0.060362404975656224,0.06097760815119605,0.0658166882183628,0.05123740509665791,0.0880453122891293,0.06869713535051691,0.06017855033072578,0.05165996531093447,0.04314138029114332,0.08727834048039447,0.10950403721396544,0.13454406599935514,0.09006092551470136,0.10559731500979892,0.12397764989527453,0.14419244655520475,66,heya8_cdk2_mdmx__bmn673,0.6266100878058605
93_1000236285_heya8_cdk2_mdmx__bmn673,0.1823864758443463,0.12315201903078747,0.17010506641255632,0.17030403323746252,0.15034262628358985,0.10963773682832277,0.001356538806801106,0.1049676563966478,0.20857877398649466,0.2280464990682413,0.2475142241499879,0.2214892627963144,0.10793072862133242,0.1539184933057699,0.18679195884886907,0.17037126215336085,0.1481658522180647,0.11432477958219905,0.098623849222269,0.07831399478936339,0.1070344792474592,0.18530099571633915,0.1937093527207933,0.2021177097252476,0.13333694709939173,0.20226910307690305,0.18016036225571294,0.3020743812724107,0.3518537581106249,0.3880337632311977,0.3857100560902737,0.3695657971669784,0.3810687191596602,0.3925892132980478,0.4127457310812776,0.4350879077762361,0.5265393895180847,0.5630677801210697,0.6086079164484364,0.6153113455271141,0.6737912380945166,0.6907721343596704,0.7230225637790452,0.6956149088270933,0.6745842292812263,0.4969046902320042,0.3192251511827821,0.28662922572430904,0.3164713535614737,0.2713929910333914,0.38915738507945496,0.5069217791255184,0.6246861731715819,0.5970317526573463,0.6277206453587955,0.6226887877831423,0.665115474971712,0.7400204086192215,0.6351167530441751,0.6092254016255209,0.562380027770954,0.6305262176153299,0.6296875626807995,0.581149381772533,0.6535822100538212,0.6629267822549976,0.6155559712039412,0.5568581594760067,0.5038533971753488,0.4960064364110833,0.28156369700734185,0.4065248222054073,0.30586548601740904,0.4050592011785236,0.5333685615464409,0.4567115865189845,0.3075687564684712,0.2474099475843256,0.1315277901198838,0.20525541321519955,0.1782148245147452,0.094869158760897,0.19573788681279905,0.15638086855934366,0.07433673394400893,0.03117764067180105,0.05161948578010713,93,heya8_cdk2_mdmx__bmn673,0.3164713535614737
91_1000231686_heya8_cdk2_mdmx__bmn673,0.3978460711416551,0.378760678181041,0.35950456008891635,0.4132153477990528,0.4012291453160494,0.4813824680959736,0.5050730828718684,0.5292074952767845,0.5678268318120768,0.5303165603622452,0.5342892821506141,0.5535170218210935,0.5778481700903263,0.5616306328532745,0.6168482668152497,0.5025050734074784,0.587361227931439,0.6575262093548137,0.6013861741600881,0.6065976064617343,0.42136277217257,0.32712755604227445,0.3542174838133315,0.4590204365590751,0.4280741178210909,0.70083449153413,0.7493400453348102,0.5366761575602351,0.4511638510203053,0.4660950752463463,0.5852102190151187,0.5440097971464779,0.5130431023177419,0.5206198333141733,0.549983613377872,0.7400661243170649,0.3732705019976152,0.5437252503805545,0.5783693112904277,0.11392721775330525,0.6593319487892038,0.07794718217244792,0.7283292605061611,0.7097959572393294,0.7615728868054056,0.7875305563038714,0.7497276853254676,0.7075490536769939,0.661850702697311,0.6951599170138267,0.7680286139275734,0.7549774910703342,0.7487850990230609,0.7191042390134174,0.7481236956692549,0.7270952275664228,0.7487842211851294,0.7540191862362621,0.7236178864065356,0.7202813462817594,0.7540928949551274,0.7033357732027014,0.7016329969952583,0.7530653499647211,0.7879057839964002,0.8533382084088189,0.7331410142159646,0.8329426205842722,0.7723493710884699,0.6942174587572132,0.7829048798490634,0.7002299393020951,0.7307300702192168,0.7495791202823647,0.7878451641298402,0.8576680932740399,0.8062302041044138,0.7624340871404948,0.8037950952477066,0.5229179192818861,0.5734697749922429,0.5850521101791331,0.596634445366023,0.608216780552913,0.7539810436424588,0.6491640008325098,0.6262662767326621,91,heya8_cdk2_mdmx__bmn673,0.6491640008325098
95_1000240214_heya8_cdk2_mdmx__bmn673,0.2732172394857256,0.2767063480605708,0.284434676520043,0.3084761877021239,0.2819622852213479,0.2954092795854045,0.3088562739494612,0.300694573762086,0.2914338321735059,0.328049730485556,0.4218640973154164,0.4823083634314599,0.5117380438612789,0.5436676687738546,0.5580087541388082,0.5432311753744976,0.5583777925859125,0.5924221581635436,0.6029620888807079,0.5837816073909166,0.602836976556345,0.6044336186834911,0.5915935128141228,0.5754183835362283,0.5492481403471974,0.5554294335684058,0.5240770683578657,0.5157369797880326,0.5157022397689361,0.5168531545873479,0.5077613150527032,0.5079896853911279,0.5229533500325694,0.5654267405417253,0.6091871971395204,0.6124278568317781,0.6165772016384866,0.6455671868391863,0.6447449928101644,0.6570951115590368,0.6992271541501556,0.7175892330642903,0.7132730391065235,0.7130742536170718,0.6716092778120674,0.7288604883033188,0.6766389306624968,0.7413646487702081,0.7979562019234142,0.8342056762274924,0.8430414682240129,0.8171945732386238,0.8019115435906655,0.7582281040839242,0.8357492273135437,0.9388142529256588,0.935834124604562,0.9477660395931083,0.9596979545816546,0.9576057254470132,0.8978568408639019,0.8578389117821061,0.8429672025528676,0.8344211392702832,0.8617451762531129,0.8208168564553002,0.7848383319090411,0.9038409303241006,0.8648846720197493,0.8626770037965856,0.6068698975473406,0.6339139896938742,0.6464428980262035,0.6935415014375692,0.6242099825166953,0.6074804180406725,0.32805666976847075,0.3923968529280987,0.4106706287884303,0.3578955744864072,0.4309207457848653,0.3532273855392209,0.4238930517035173,0.5356656895983436,0.5061964006748441,0.501529452598621,0.53195571282944,95,heya8_cdk2_mdmx__bmn673,0.6029620888807079
92_1000233489_heya8_cdk2_mdmx__bmn673,0.7569693632196021,0.7131680378703812,0.6857534301156757,0.6677717464495451,0.670457139163561,0.6835298955518233,0.6655127317807159,0.5388294654670486,0.6435494028196892,0.6926350116298242,0.7074658923573951,0.7200104962269491,0.682853664210814,0.6902522166136229,0.7028525357392109,0.6840987726366936,0.6730244581210557,0.6797191011911178,0.7312869628351447,0.7249686466736872,0.7186503305122296,0.6863369070337595,0.6922785520683096,0.6796871048381923,0.691276648407214,0.6919905006014295,0.6721323949792519,0.6458405304030983,0.6693478415935216,0.6967988779715586,0.7192453007339086,0.7427743822036824,0.7340216189355167,0.7601366144514641,0.783063192527266,0.7166703019049077,0.7117499887997918,0.6774471697410849,0.6860266653671266,0.7227293861614347,0.7248702073840926,0.7316374035372661,0.7445205702382769,0.8287056798157393,0.6776072684231615,0.6754250700897835,0.7134478728096759,0.7585346482862607,0.6107652862186592,0.5993321444127676,0.6654280030203635,0.6345386956825346,0.5852348161800586,0.7006242122243582,0.6052827987631246,0.6308517229856205,0.6719080249154136,0.7366847517805797,0.7949406159156972,0.745323256018622,0.6704636427730614,0.6452366923723887,0.8136828700349901,0.8526288775587806,0.7675285113253542,0.8634228596396252,0.7918033651396835,0.7814629658650319,0.7998558560517691,0.9437005951736981,0.8825520710327379,0.8427714825034542,0.9280463005902992,0.7704898818048896,0.8720836728889566,0.7644148511307227,0.5891459463172756,0.6545341945743134,0.6365359110485512,0.6036342103991553,0.5707325097497592,0.4754243664331332,0.5101727000853991,0.5249300389107187,0.2998418970420381,0.5855227822140779,0.29571874053954544,92,heya8_cdk2_mdmx__bmn673,0.6919905006014295
94_1000238522_heya8_cdk2_mdmx__bmn673,0.15515340356151075,0.14202179287790567,0.12889018219430073,0.11575857151069564,0.10262696082709057,0.08949535014348545,0.07636373945988036,0.06323212877627543,0.05010051809267033,0.117749575804707,0.1219831842630007,0.13586484448556022,0.15343677474762035,0.5106418581365061,0.5842685420465438,0.6578952259565813,0.8436678996429192,0.7874800550488147,0.7466067793698613,0.7691294796319113,0.8718149841256713,0.8838807023706879,0.8435791634527408,0.882622345224562,0.7357513634861778,0.7956380180333672,0.880618096188619,0.875339819118968,0.9170744668697391,0.808392563424522,0.7637538546351549,0.7937049912842455,0.7994455900225375,0.8037730421908336,0.8786428142036394,0.9019863676858692,0.9253299211680988,0.9967721928645534,0.9305573013999112,0.9133079760221464,0.9150455909760806,0.9167832059300148,0.8712030230232433,0.965317976839122,0.8976408114448066,0.5425476659079767,0.5457348172634411,0.5489219686189056,0.6506531770765854,0.6509250668751816,0.5298605384429728,0.3865308953398121,0.442897330601384,0.5362324867302575,0.4873454050821128,0.4730308663376334,0.5875661244318485,0.62127831807234,0.6772027176455525,0.5800621643802755,0.5220754148522482,0.5706802250115125,0.5633638602017885,0.654855274853125,0.7018695100090171,0.692917796377512,0.6753521913486072,0.7766999919666346,0.7794789211433449,0.8031359258694516,0.8657750448401526,0.8727855696252956,0.8797960944104387,0.8868066191955818,0.8938171439807249,0.9008276687658676,0.9078381935510108,0.9148487183361538,0.9218592431212967,0.938221020415992,0.9545827977106868,0.970944575005382,0.8849395793075631,0.7989345836097441,0.7129295879119252,0.6269245922141062,0.5409195965162875,94,heya8_cdk2_mdmx__bmn673,0.7637538546351549
70_1000139532_heya8_cdk2_mdmx__bmn673,0.71462047408557,0.7356037838939229,0.8740101310856192,0.8993952704920001,0.8649326320273252,0.9204299226761312,0.8029662666062817,0.7618596032343188,0.7580799516862122,0.8127942307190645,0.8322553842777921,0.906136327578841,0.9312239778861048,0.9546127076453892,0.8468726817455414,0.8683066268836589,0.9154251670699356,0.8546684377317179,0.5463488216084152,0.6700171811057901,0.7971017693789931,0.4987983511238022,0.2983255374661929,0.1385326547802233,0.06757798501402032,0.05710447115199204,0.05167395416659398,0.046243437181195925,0.040812920195797874,0.03538240321039966,0.029951886225001605,0.02452136923960356,0.45035614228739773,0.4244434248489775,0.3170994549381381,0.2097554850272986,0.10241151511645924,0.09794077268308143,0.060911633064716426,0.02388249344635142,0.05528939720511228,0.08669630096387314,0.12042164595833045,0.0457972307858406,0.027262611691760825,0.06685490788349098,0.02407340756593461,0.015503736823191587,0.02041446376505315,0.023429243918797825,0.026444024072542344,0.015308934353501478,0.03520381346991918,0.060027571242246176,0.0707866336497715,0.045536615956040506,0.01268602229017971,0.024588413565572998,0.02791285136045392,0.034076634560298816,0.02109628708432684,0.13758803582089632,0.16678323385384872,0.13607965675455871,0.10537607965526874,0.0450332268209109,0.40878430600863136,0.7725353851963519,0.7730450534647826,0.7785042217823512,0.6860359202255658,0.6525674842674037,0.6261142529449306,0.685573426219244,0.6169976166714335,0.5908400901838221,0.6030295322956366,0.6152189744074513,0.6274084165192657,0.6777072029032059,0.7118400728823472,0.8382357898222009,0.774820024878896,0.8716862469554644,0.9208552277275124,0.8544932707884254,0.6550471047245237,70,heya8_cdk2_mdmx__bmn673,0.4244434248489775
95_1000240094_heya8_cdk2_mdmx__bmn673,0.4843542073757288,0.510266619953484,0.5430884491897454,0.5362859483231392,0.5910911445502744,0.5990905599978129,0.6070899754453514,0.5797108035522408,0.5911604430910173,0.6019347794781982,0.5670563149927819,0.5375377439263229,0.5613331077249435,0.5508618755532022,0.5790996919651806,0.5979281897669232,0.5927958076884788,0.5892562590232879,0.6261992801235627,0.6502743852606432,0.6384703838524193,0.6696586678219263,0.6735262392407932,0.7220508578853909,0.6947712312539721,0.7526033466086741,0.7739765953477378,0.7328433603302519,0.7625031039681806,0.7693256963188873,0.7526077127061589,0.7886600458532199,0.8262923117794799,0.9248733861005164,0.8861377151293515,0.8520847708750405,0.9111836641882016,0.8806027483152803,0.8739173443423046,0.8640348454302085,0.9262373030048984,0.9053883902473864,0.8908518920317586,0.8868155793056367,0.8664784937744816,0.8835548108391599,0.9384226497797769,0.9180360451793308,0.8972852028608506,0.9079512212844518,0.8754451168478736,0.8565658284620967,0.5319649327956966,0.640848772264017,0.6815187164066249,0.6576227344773171,0.6157987500898411,0.6130838765649421,0.6407045737228324,0.6604587658131404,0.6047490088081556,0.5816779983899109,0.5565938270411479,0.4798025962371164,0.4153482935276434,0.4387881571461192,0.4520106073032383,0.4071132100654549,0.4245277214840388,0.26518934698852176,0.2630642652124503,0.3511964545081711,0.7938655737504213,0.8111126467463008,0.5793940941707684,0.3476755415952361,0.5026478353439352,0.475432679213925,0.4613947293129991,0.42929366405470937,0.4398129723425944,0.4290852032358397,0.7651772972678798,0.5880302120112142,0.3939880934077803,0.6931255723364266,0.626335954055284,95,heya8_cdk2_mdmx__bmn673,0.6261992801235627
65_1000130480_heya8_cdk2_mdmx__bmn673,0.5524744279526425,0.6127106232190037,0.6729468184853646,0.7331830137517259,0.7934192090180872,0.7890241678297667,0.8724995988731387,0.6092766286373101,0.5738098719029825,0.8004950172299905,0.8707820473600123,0.8662501688411456,0.9016676202246916,0.9159481853217152,0.9196266301944438,0.9019774626542756,0.8885640971573332,0.9239603952306416,0.9224867868748784,0.9210131785191148,0.7880848450741057,0.6963931248238475,0.6047014045735893,0.6895661685493157,0.6531293733541955,0.6166925781590754,0.5802557829639552,0.5438189877688351,0.6239174170824201,0.5702696067362523,0.6421329978722901,0.64623914234134,0.7033486168575267,0.6478258266049575,0.6145928599419348,0.5734491559842471,0.4408309149244792,0.18461811290007693,0.11324669480323135,0.07709100251616738,0.05595925835506066,0.034827514193953815,0.08311783050918711,0.0512983954080104,0.09520918058662482,0.11799546895599952,0.062378232167189775,0.006760995378380035,0.2529299748852144,0.34897620161596066,0.4243987533187276,0.4286981837095217,0.4767258248422767,0.8640242122531392,0.527202878579986,0.1394813015927253,0.06006911969026173,0.03404641454944038,0.025942213445918957,0.3402663438567747,0.4728281798766383,0.15653879762052916,0.1590789975201939,0.10872336790904606,0.2492100884777397,0.7939434757091448,0.73604132985798,0.6781391840068154,0.6646152571928977,0.6510913303789805,0.6375674035650629,0.6240434767511456,0.610519549937228,0.6500365999965589,0.6992272388653449,0.7484178777341303,0.7976085166029161,0.8467991554717015,0.8959897943404873,0.7746663821512805,0.6533429699620733,0.6053833280431178,0.6173566315247738,0.6567385953817113,0.6053373138864012,0.6107496778493499,0.6242033970249281,65,heya8_cdk2_mdmx__bmn673,0.6173566315247738
65_1000129057_heya8_cdk2_mdmx__bmn673,0.8214204753105293,0.8298783676527163,0.8577281329601134,0.8491419941883557,0.7712599972620617,0.787231883178641,0.8102418684868132,0.7971147172852877,0.779604117219218,0.8150727470982522,0.8136023305978832,0.8521952913278752,0.8586429590719079,0.8979297012984173,0.8488205658615292,0.8983046985993542,0.9100838269335856,0.921862955267817,0.9336420836020484,0.9454212119362796,0.9572003402705108,0.9689794686047422,0.9807585969389736,0.949703752137684,0.9184440213900462,0.8871842906424089,0.8559245598947711,0.9459620283706583,0.9587956821292082,0.9716293358877578,0.9844629896463076,0.9972966434048576,0.7307566523647998,0.7363750990465017,0.7419935457282036,0.7476119924099058,0.7532304390916077,0.7588488857733096,0.7644673324550117,0.7700857791367136,0.7757042258184155,0.7315561475263268,0.6200929242257051,0.8308728161699127,0.7230404868044925,0.6152081574390722,0.5073758280736519,0.3995434987082317,0.2866413877225494,0.41797021260657896,0.30973634375973,0.29987558340331405,0.2095662105066714,0.4784684079723798,0.3546862401087323,0.2442752667927296,0.21964060936570332,0.3850805360560545,0.17360025270423535,0.15661894777664134,0.14564283652782006,0.01987892625282977,0.02761131600229933,0.0353437057517689,0.04307609550123846,0.008007098492082467,0.3001858240716609,0.5923645496512394,0.5907265895588746,0.6164599139694973,0.6393768411315571,0.6565831594553354,0.6485806279452708,0.5850376670553612,0.5952393939475149,0.5746028697381331,0.5579299999588421,0.5727052684724567,0.5409506979015839,0.5638841377422293,0.8645730049421613,0.83603314941083,0.8223296703204345,0.5785037685737988,0.7789481312430185,0.6567213859868497,0.5656301305484281,65,heya8_cdk2_mdmx__bmn673,0.7419935457282036
96_1000242202_heya8_cdk2_mdmx__bmn673,0.5713377762703274,0.5909084291234286,0.6049053583707312,0.6118090524450246,0.543434130707149,0.5651225929272329,0.5935646087651136,0.5570020749731698,0.5532318375411779,0.5312016852867352,0.5398583377094428,0.529229632664993,0.5371949985590367,0.5472383887495298,0.5716349654356665,0.5718146527237653,0.6118411967087358,0.6013338265794869,0.6392378419340263,0.6192336972590387,0.6147014223330975,0.6143742626744424,0.6118991223605468,0.602374277034746,0.609850420498167,0.6218062549809379,0.6180062325473171,0.6176851082109961,0.6643031350846963,0.6712193948956903,0.6877133660287134,0.7056220885720835,0.72231152289065,0.7600159019379679,0.7958906973718213,0.803366662823013,0.7783192164203467,0.8040308618045952,0.7844400026064821,0.8075909166604309,0.8436176059737631,0.8466651624673373,0.8588414970588713,0.8739101239222972,0.8923166460479821,0.8928203735550847,0.8493447411547037,0.8463460609109709,0.8777748541191818,0.8716793769554867,0.8650950079845643,0.9263080732869624,0.8820784350777765,0.6163815513805214,0.6605806664154943,0.6238297682343316,0.6140092183067181,0.5786596984626841,0.5586746791115085,0.4783495978696679,0.41904342796743577,0.4111873410195683,0.4493020932859298,0.5521413790692524,0.5128581338786337,0.5597045020346166,0.6065508701905997,0.6094071380947851,0.600322419017269,0.5912376999397531,0.5821529808622371,0.5988612232411872,0.6931572713800573,0.6864113333390285,0.5920507162983947,0.6152224429964965,0.5897177060189558,0.7008684269262907,0.6830288226234572,0.6831860101262808,0.6806360963292151,0.6477062123697634,0.6282297935943778,0.6655983963075769,0.6486828615977641,0.6821828032741603,0.6813060578805963,96,heya8_cdk2_mdmx__bmn673,0.6176851082109961
67_1000133963_heya8_cdk2_mdmx__bmn673,0.05056821161473252,0.7215722137845415,0.6635177506126049,0.5253076558805102,0.487505357035581,0.7755209832054359,0.7590436794842456,0.7425663757630555,0.7260890720418651,0.532908510838144,0.3397279496344227,0.14654738843070164,0.11484845202369275,0.09638139582005872,0.13767181689552996,0.1629948365954964,0.16895936702705508,0.18622056309871293,0.19142887014383006,0.20895871939096491,0.22936739883574106,0.2015897285427872,0.23092552302985025,0.25108080770020685,0.2563977646323774,0.2771021180852913,0.3782284896906947,0.4793548612960979,0.4171385124989538,0.4279078994514792,0.35923812235764696,0.28072478121580585,0.23230848488071565,0.2085604199240785,0.22105066737811754,0.19681868837748012,0.20724658357402154,0.19428592877048245,0.18663466455015773,0.24085777316183524,0.2684941260064857,0.2961304788511361,0.3426635802640184,0.40609211454282457,0.4405334007170464,0.5477347397795617,0.4859221472710987,0.3978572761491725,0.3097924050272463,0.2217275339053201,0.158336490025952,0.19792636827011234,0.2529940304676143,0.3118111183754877,0.22401945806973025,0.20804066819967573,0.25752717826388066,0.32074818997241783,0.3490187703625629,0.4178178298023396,0.5071653582691599,0.7626102084221178,0.6513936218333789,0.6960791354170781,0.8235385460280895,0.9035685255660876,0.8793264893062823,0.34248410878475377,0.5002027496769648,0.6579213905691758,0.5969423340879441,0.5359632776067121,0.4749842211254804,0.7932839554344816,0.5853059016763665,0.7813337790611732,0.8072723209924457,0.34522346115161195,0.4232913872997884,0.4252805652331029,0.511300996773312,0.6086705124670048,0.6568211462144233,0.15015270714863985,0.6462575547574644,0.6370555936949494,0.5662583016858886,67,heya8_cdk2_mdmx__bmn673,0.35923812235764696
71_1000142275_heya8_cdk2_mdmx__bmn673,0.0439480109339916,0.10006054184021544,0.10263616648277653,0.10521179112533764,0.10778741576789876,0.11036304041045987,0.11293866505302097,0.2369343197532128,0.17976102693219995,0.3106733433081263,0.4415856596840528,0.5724979760599791,0.623185371668891,0.6310306197821615,0.6978922803932536,0.7374993171279588,0.5515686985334283,0.4580476392067218,0.5616866159059382,0.5725878684017316,0.5799497481295647,0.5989903178045618,0.5664475584890972,0.6678080630838469,0.6232213408301258,0.6126838969054218,0.6477759810286483,0.6438770396371655,0.6396539885300228,0.6478975085334718,0.7769588372295015,0.8276458943360178,0.8213196407910033,0.7344068478830869,0.6515513830453085,0.6067051747189102,0.6860838750430326,0.70382687332259,0.743555158406792,0.8988214915511514,0.8939082521152278,0.7848396206660472,0.7678620701319439,0.7508845195978409,0.8353550383527035,0.9198255571075656,0.9365018392470316,0.9531781213864968,0.8069241058159298,0.6606700902453628,0.7973040154137346,0.9855833564207972,0.7949618080531903,0.9320800373383282,0.9437681624052918,0.9554562874722552,0.984721084416798,0.9871900818262052,0.9896590792356122,0.9921280766450192,0.9945970740544264,0.9970660714638336,0.9995350688732406,0.9898881263955219,0.9802411839178038,0.6684840169441464,0.6349392525220489,0.6701758458400774,0.6536687309920287,0.6273046942724803,0.5538372028010118,0.42384657504898,0.5936380546152409,0.6398531129167774,0.4434135961158487,0.3682160973111865,0.33477312627284844,0.2523376822884625,0.2060611612787282,0.1798772337171243,0.5125448930819176,0.5037450486036831,0.4949452041254486,0.4861453596472142,0.4773455151689796,0.1876576295661088,0.382851772777942,71,heya8_cdk2_mdmx__bmn673,0.6398531129167774
94_1000237753_heya8_cdk2_mdmx__bmn673,0.6766979773717292,0.7024266478661073,0.7144374163919067,0.7833629151388644,0.6826930542750859,0.7907156668912342,0.9269644941550886,0.7949910661615854,0.9035206127031771,0.8413409034820819,0.7824276501642111,0.9217488976139764,0.7722142501706091,0.7177545157764431,0.698302576308891,0.7253223259999453,0.7519788843872768,0.7261949899344823,0.8379001809986965,0.8517873105970519,0.8827026476256892,0.9620110728100656,0.8736391501437648,0.7852672274774644,0.6968953048111635,0.7300487055124923,0.7632021062138209,0.7963555069151499,0.8295089076164784,0.8626623083178073,0.8958157090191359,0.9289691097204648,0.9621225104217934,0.9952759111231224,0.8812340824342559,0.8876759172817266,0.8941177521291971,0.8766191885582999,0.7956650176293663,0.7848995274422242,0.4611038858919578,0.5536305681143949,0.6461572503368321,0.7386839325592692,0.8312106147817063,0.8621113895077928,0.8574470335859296,0.8527826776640659,0.8481183217422026,0.8434539658203394,0.8387896098984762,0.8341252539766127,0.4041694159950467,0.2739412505430866,0.260741593902792,0.2635302074899601,0.3039245831167385,0.31497270745088274,0.3163866677413804,0.37317148894997626,0.3423442066189518,0.3317828169389416,0.3212214272589317,0.27810635340665435,0.2614700693008363,0.2289443414869761,0.3332895924817205,0.3655994767239653,0.4541046197221771,0.4799666131765762,0.6869272294939435,0.7815142256235188,0.8077229961453606,0.8394674215419033,0.8329273941665399,0.913123216708564,0.8739201191366961,0.7338686413866117,0.7173602915566875,0.7847964494990352,0.8001030059324089,0.8835923641029976,0.8426055889694649,0.7286574593077152,0.3683024032732677,0.4047061393202824,0.5684426146447791,94,heya8_cdk2_mdmx__bmn673,0.7824276501642111
71_1000142725_heya8_cdk2_mdmx__bmn673,0.5158830264832689,0.4971240577862421,0.4645486417177402,0.5316720395706249,0.4141087235237695,0.4421062032166655,0.4317353116462173,0.4825825239545365,0.5492396696188986,0.4694344432433747,0.5629192838731012,0.5398257531883438,0.6669296919502719,0.7940336307122001,0.9211375694741282,0.9332467837406296,0.9341599964679136,0.9439730538137115,0.9676721057368576,0.963432034616377,0.9591919634958962,0.9549518923754156,0.9408642095101118,0.9267765266448084,0.9126888437795048,0.8986011609142008,0.8845134780488974,0.8704257951835935,0.6456966189335264,0.6798388240402025,0.7662676474099088,0.5607196757646276,0.4515387197391456,0.2476305721191863,0.5858070004413521,0.2485942245829165,0.2954970907730485,0.23252106293719324,0.1755637401562528,0.15357517171845286,0.2592069757211879,0.2818482725567532,0.3420735629226473,0.3663083868219487,0.390968368912303,0.4399479792093241,0.4731278205250383,0.4624454753710814,0.4256232423223797,0.4058797476453515,0.4461948960691785,0.5258120507645797,0.6276833868374755,0.6412137680044351,0.5897343201676507,0.5797070715391299,0.6023398409660551,0.6384035608650667,0.689911405508859,0.6057660139404555,0.6576003161595032,0.3155203448701708,0.5966872948504689,0.5496523329457296,0.5933475552976957,0.5534253998316914,0.513503244365687,0.4735810888996825,0.4336589334336782,0.4439478485569545,0.4299582825019855,0.3823075129664557,0.3507393922619935,0.3862330842560128,0.44129345050232655,0.4162853286633617,0.6734173390789723,0.6136157132779794,0.5538140874769861,0.494012461675993,0.4342108358749999,0.3744092100740067,0.3146075842730137,0.3725628726305778,0.3937859562962198,0.3827797387830242,0.4964620568002861,71,heya8_cdk2_mdmx__bmn673,0.513503244365687
13_1000043127_heya8_cdk2_mdmx__bmn673,0.5668535941117328,0.5811971616617791,0.571460359231339,0.620729627037225,0.6926967854666959,0.6994869366631361,0.7761091898582422,0.7968388302050352,0.7914253065083354,0.8238978544593372,0.8139122422025176,0.7675980774400204,0.7457225841435592,0.7545044999184082,0.7290666224127434,0.730367250375029,0.7039379760963151,0.6706802056552977,0.6310602036685843,0.653428561149664,0.6571955379259485,0.6840771046334585,0.636720544034145,0.7015097077131203,0.8048289416121714,0.7923127635937177,0.8923018381575586,0.8142274607833615,0.8229690891244501,0.8247846317492614,0.8561852259106992,0.8909954361283403,0.8966161498705267,0.8792822789109334,0.8692670488267288,0.8991219345919654,0.8863048603127827,0.9161693430807116,0.9362773526562806,0.8830912958626124,0.8974698795852449,0.9318893168445644,0.9393599005633652,0.9468304842821662,0.9543010680009674,0.9617716517197684,0.9692422354385692,0.97671281915737,0.9841834028761712,0.9916539865949722,0.9991245703137732,0.9824761009604372,0.9900214196619682,0.98914669270293,0.988271965743892,0.9873972387848536,0.5929019002365655,0.6371841771557119,0.7089961268324676,0.6141110473097393,0.6264745156398251,0.6072305726457488,0.5443065024345892,0.4065786108328085,0.3957603516991269,0.4797444904024447,0.6156091470390636,0.6230175642503047,0.6580257701310339,0.7511412966249112,0.7925132850594104,0.7906648420458234,0.7079972759113123,0.707333031505383,0.5807761538297245,0.6346430487121,0.4470128008322756,0.30432981656452085,0.3989004532381471,0.36847821212674603,0.4275993770766943,0.4755211456702999,0.5097206835565898,0.5758349016850836,0.6106078055960928,0.6944856446747267,0.652561216629442,13,heya8_cdk2_mdmx__bmn673,0.730367250375029
12_1000040665_heya8_cdk2_mdmx__bmn673,0.7968747635850342,0.8457182758959347,0.8521140794146788,0.8687328012631321,0.9415725942299522,0.933301768814923,0.9234275584438632,0.8711442497415909,0.8633664823867145,0.8416598196823286,0.6684003639267578,0.8244496557411697,0.8191903303005525,0.8476473030100916,0.8611043674298181,0.8595092358363342,0.8523141200652489,0.8635392072684324,0.8416073180027175,0.8544992427777381,0.8946525875245495,0.8848295220757478,0.8832113138298346,0.8041226555533797,0.5537892301809036,0.7827123597920318,0.5618512672415171,0.624134007402026,0.5071937615025858,0.4477735664840585,0.4497971235615766,0.3989787191748759,0.3237401335202951,0.22324357610351955,0.1652304129722358,0.10593626287423208,0.08498317815749186,0.09261633607961273,0.12856842060521506,0.09895388332736654,0.10319482070623896,0.08003895429780776,0.06464887248849241,0.08282592969575434,0.046112428899874,0.03032470216590723,0.05066751118646884,0.009718044489958857,0.014245220764739037,0.03708793734507891,0.046489268114893914,0.045159321449373034,0.1236523332951371,0.07042979407397627,0.07334747994350639,0.043629572919905615,0.06920341964308595,0.045435888063507394,0.047386003029959226,0.02116410284981169,0.044226464321932,0.06090227163449264,0.10702499220049147,0.04213425019501315,0.03876161189418283,0.063661877191083,0.13289145312673514,0.735752821233239,0.725957733097305,0.7186950855529408,0.707265625200242,0.7074452043745209,0.7185377474844481,0.6694905662004449,0.6393653351577241,0.6536172212701234,0.6828784636097689,0.7193313694366343,0.7415764414553052,0.7811017329931497,0.7964644518752231,0.7886023178340884,0.8292374600203191,0.8303159301371726,0.8323446677773791,0.8367603149838451,0.8746310426694606,12,heya8_cdk2_mdmx__bmn673,0.6536172212701234
90_1000228831_heya8_cdk2_mdmx__bmn673,0.734127251299124,0.7502020457660199,0.7821260902734399,0.7504042830139188,0.7444461264135186,0.7683677240012898,0.7555533974124689,0.7516188246089583,0.7155964590055249,0.7134361251967429,0.7192905632066854,0.7245367405433564,0.7216128856705821,0.7405945951513108,0.7294328120814019,0.7356355939819961,0.7254754213402328,0.7563822899051945,0.7842764300594125,0.7936100925120397,0.824328455934746,0.8765405970036659,0.9631847667433012,0.9303188498981659,0.9545017053342514,0.9474251269295678,0.9230840062662341,0.8963748360992683,0.6932764180901135,0.7380898415710211,0.7487329243676745,0.697972227842979,0.9143959951354148,0.8716059684213361,0.8863901772377865,0.8473443340619322,0.906246019469778,0.943605504636403,0.7175883621853296,0.7192355385675608,0.7655779580135308,0.8220656966299454,0.8117247848238195,0.6126764351983527,0.5996144061200211,0.5865523770416895,0.5744790619335459,0.5624057468254022,0.5389587192267926,0.3697168482785303,0.2963896981718238,0.20961300529370167,0.21709413994503868,0.4122663377407457,0.3994927208786737,0.4434868639379027,0.4929497398209384,0.4634223886775941,0.473025398661048,0.4849923517898169,0.4969593049185859,0.5089262580473549,0.5208932111761239,0.5328601643048928,0.5448271174336617,0.5754834307319914,0.606139744030321,0.5842041603982111,0.5867794873253069,0.5653746528598215,0.6010199606105243,0.5835306246359668,0.6062155659291651,0.6289005072223633,0.5691909838474806,0.5694316536440557,0.5783313538582096,0.5872310540723634,0.5961307542865172,0.6044567421458935,0.6127827300052698,0.6211087178646457,0.6294347057240219,0.6870388539762268,0.6394124752671831,0.6401494184964162,0.6362566576030683,90,heya8_cdk2_mdmx__bmn673,0.6870388539762268
69_1000137352_heya8_cdk2_mdmx__bmn673,0.24590455940527206,0.2743675565788831,0.1962733540947493,0.1853604873359516,0.13531891582451674,0.1374310242137016,0.11040235716311188,0.1176713300695746,0.10659362191829068,0.15771426282589884,0.18767289267235465,0.21377843691442253,0.13543571443455416,0.12426268088008866,0.15876335463591335,0.12043605382608152,0.1311075821141973,0.133854209429712,0.16620869923558385,0.13218996201191566,0.10964158006567576,0.08205707920092331,0.10229426673316204,0.13311418800712554,0.13304737394021054,0.20464089558379392,0.24563241122592586,0.19155504827899827,0.2554767735813543,0.2096019601923718,0.17848470049413534,0.14591754738320462,0.1639335588642564,0.20310093375951252,0.1804637473782209,0.21764393089801326,0.17199090020723476,0.07413871141499942,0.039625964546771496,0.003991646093659529,0.018026997061183315,0.0320623480287071,0.04609769899623088,0.05136130984222021,0.056624920688209374,0.0618885315341987,0.06715214238018803,0.07010953000653568,0.06735884506204075,0.032133024774282835,0.21553731313930866,0.11526677520185626,0.10419274856277794,0.12804959523768836,0.10634930981869878,0.7016006630248425,0.7067223327380426,0.7332925086213826,0.7202903931577994,0.7435036732240972,0.6987909571712785,0.23167989764223101,0.1820114902461888,0.17324221941163198,0.6351715598301441,0.14190788136815186,0.12505729634958582,0.0973949982220724,0.10899400846079216,0.1210027041209408,0.09374369288623237,0.07992240415792085,0.1060442039916824,0.137334173176638,0.3766616451960448,0.15050937127265968,0.6827767326693752,0.16594415288039127,0.1981289831402856,0.5202012441345628,0.5390297684332493,0.505232757186372,0.3707097127521086,0.3781591943962127,0.14685264757537767,0.12759377568045255,0.3900761639284149,69,heya8_cdk2_mdmx__bmn673,0.14591754738320462
12_1000041255_heya8_cdk2_mdmx__bmn673,0.6936407291795309,0.7148477973054085,0.7121658193694137,0.7041897634110958,0.7319202626855951,0.7207710620644563,0.716256824923265,0.7210062163642824,0.8180483457630763,0.8061942058089219,0.8061947554474939,0.8350317557597209,0.8142282661599206,0.8341815593595969,0.8467400588848151,0.8445679656856384,0.8620447728770756,0.8608613340627995,0.8466306977114958,0.8606027583708886,0.8901168288375347,0.8801185931383524,0.8623219629179875,0.8725229587559269,0.9015850396534056,0.9001128865499282,0.8572298917171312,0.8118108330874899,0.8686464291384487,0.8342043853373458,0.8650634914478784,0.9161205138441368,0.8579026844932982,0.7996848551424592,0.8777004159773961,0.8508494215177511,0.8239984270581061,0.5983629362524772,0.4830494408555405,0.6005407818565839,0.5398732258828922,0.4241854153761324,0.3737873828426367,0.3247216344839089,0.3124360572497121,0.2781841080943415,0.2854838467440907,0.24449849902790216,0.2615496222640528,0.23482770705016445,0.24212802613579235,0.2722745039456507,0.28980371243408143,0.2808309377360337,0.2858091943698493,0.2614779454891768,0.3002474885758162,0.2987782457502819,0.3082019486754963,0.31066916755870666,0.3414687312985177,0.4320156229608289,0.5277936503579309,0.5522092149460653,0.5858884291482637,0.6306381034732524,0.6591713173253971,0.6864739113696574,0.684658199380944,0.6666563881728446,0.6406279178163462,0.6436172347237076,0.6237759049366938,0.614719515967643,0.6246140065634821,0.6007988342392379,0.6134188427637229,0.6110193362281007,0.6145630459978053,0.5932218747989766,0.5963476659225219,0.6002845604089454,0.5884966218395508,0.6006563216570163,0.6149036667996572,0.6229598984805779,0.613377650136741,12,heya8_cdk2_mdmx__bmn673,0.6306381034732524
89_1000227728_heya8_cdk2_mdmx__bmn673,0.8721721694380871,0.8636955634359894,0.9560290256738856,0.8420767376757348,0.6009657940051325,0.593964124640441,0.6818186045903956,0.6145906269042816,0.6994325175447976,0.7118824663356751,0.6775590625231976,0.6679596474820265,0.6240048930917869,0.6937549955992529,0.6394298556465376,0.6283715656619456,0.5877949673289953,0.6101335339524385,0.5200134368829599,0.5149709829794159,0.5336996337097496,0.4878339579513087,0.5204648775087722,0.6496557427212742,0.6448497991969138,0.5476696193916417,0.5738511315531297,0.5872615060454222,0.6319018915531,0.7711183445791064,0.8044310464951481,0.7657861069513873,0.7695518042453298,0.7265964850604639,0.8301730237651516,0.8554303993423763,0.8652256310239465,0.7685618438802283,0.7342591216101984,0.7426665533937458,0.7409384389508843,0.7657058724877731,0.7904733060246616,0.8152407395615504,0.9223307523544496,0.7926737602172876,0.6630167680801253,0.7552185321610423,0.7484858832742715,0.6916220702368011,0.685366732586302,0.7484157518089178,0.7979649515940583,0.7394680635022887,0.7714590941939609,0.7506609516057374,0.8133911063669419,0.7977672862696176,0.7635154909438503,0.8163725937531179,0.8652462392225613,0.8754061725997612,0.8855661059769612,0.8957260393541612,0.6684713155005556,0.6253976169150214,0.6561663343908466,0.6983221936391132,0.7618352152981078,0.7316005883743188,0.6911676215906312,0.5041267430169364,0.5458841139560198,0.5876414848951033,0.6293988558341866,0.67115622677327,0.7129135977123533,0.7546709686514367,0.7964283395905203,0.8381857105296036,0.8799430814686869,0.9256796761711864,0.9714162708736852,0.9266997306728388,0.8819831904719921,0.8372666502711457,0.7374605497552712,89,heya8_cdk2_mdmx__bmn673,0.7394680635022887
95_1000240413_heya8_cdk2_mdmx__bmn673,0.167067428670586,0.1684037247130959,0.1818853879951362,0.1434932865070711,0.16072119237900873,0.15789880836035486,0.1550764243417011,0.15529903844484347,0.15060660111299104,0.14858077760332286,0.15730422428887894,0.15493490507535895,0.16404405462356764,0.16707204871337536,0.16776809539345658,0.1557258856935179,0.17719425967821506,0.16055972290936954,0.14972987108810965,0.14900472214551458,0.16762867798477768,0.16402821809151438,0.14981261483924846,0.16008623976934178,0.17472248265722226,0.2125435482004931,0.24352841895303184,0.2689701671513676,0.27903358704718323,0.26779118033737953,0.5679671242342907,0.8681430681312019,0.8266814879449776,0.7852199077587533,0.76880516405683,0.7505909483064523,0.9712431666359342,0.8863946817952888,0.8015461969546431,0.7166977121139977,0.6318492272733524,0.5470007424327066,0.4621522575920612,0.3773037727514156,0.3770883123679791,0.4923524217192117,0.6617789582283791,0.6287109646184359,0.6462427220256869,0.6573718713875073,0.6393030845515042,0.67277832444618,0.5551172396470468,0.6765264251903099,0.6821305765487451,0.6590163066664956,0.5747881193649892,0.5617343064959606,0.5933485396895969,0.6214488665826222,0.3968469412282626,0.6550912611720686,0.6919826844341879,0.5000136204822709,0.6979416453037056,0.6876692548564594,0.6889795061366435,0.7322011568845923,0.6735781746100575,0.6056430794747568,0.6916249035651713,0.7033529020003447,0.7277136511218322,0.5494654265326555,0.6260007533561864,0.7025360801797176,0.6558179604881887,0.8388184843366294,0.3644640190732231,0.3982049857336216,0.4977854973177927,0.491272594144055,0.4398459028828241,0.6025729593049022,0.7755421736958161,0.94851138808673,0.9035797580154854,95,heya8_cdk2_mdmx__bmn673,0.5551172396470468
11_1000039103_heya8_cdk2_mdmx__bmn673,0.6932758707935055,0.6946012501127897,0.6851184633824494,0.7399437434087821,0.7658328387618056,0.8011668728052019,0.8114972384943919,0.8049293666696865,0.8313939758555478,0.8405597855279761,0.8184683439984921,0.7670491680081656,0.7790319907023909,0.7035928654969322,0.7290122103126165,0.6545369629792688,0.594103592963744,0.5774242947159011,0.5403360649417083,0.597967267631729,0.7067108298057992,0.7148613658940651,0.6987786573966486,0.6310407040097048,0.5794247470166038,0.6006723634113729,0.6219199798061419,0.6337223419969876,0.6604162101623893,0.6566025432216648,0.7585587802411601,0.5001018813403145,0.661082357319308,0.7159600892904973,0.7262071346237965,0.7312732321934317,0.7397063788172754,0.7554221402124318,0.7140747455058323,0.7322076518481628,0.7845587630519734,0.7730707920930908,0.7820559752496432,0.7429015507574391,0.7242158807693306,0.33567901674191913,0.349888639136096,0.3852282587487375,0.3598107907933729,0.4519047496535315,0.4201642333765944,0.3971943840222014,0.370927864153559,0.6248449808254614,0.6371079265895946,0.8558082801520497,0.8535560622511746,0.4935670302791583,0.4281503613708844,0.4818915163690709,0.5432446572916946,0.3890248714816912,0.5361568256913892,0.5236301498311807,0.19530124725233525,0.22095664364988493,0.4213204521152024,0.4827958881466658,0.5428746763589153,0.5378099512841241,0.586231565518654,0.6221371617715229,0.6522469796745183,0.6368427564300146,0.6639174290763955,0.5993649991368226,0.6284592642953138,0.6164842901309014,0.6665321538088419,0.5972475450097365,0.6074355804325599,0.5998138065739218,0.6233976567650426,0.6445167682754896,0.665635879785937,0.6244179194671192,0.6289577748628438,11,heya8_cdk2_mdmx__bmn673,0.6368427564300146
11_1000038756_heya8_cdk2_mdmx__bmn673,0.8395726421900821,0.82199295261683,0.8283374917891209,0.9013297895928212,0.6214591734566327,0.9563915342911072,0.9765724299103,0.9967533255294926,0.9920366429502571,0.9873199603710212,0.9826032777917856,0.961900383829878,0.991793431433568,0.9734041833810554,0.9550149353285426,0.93662568727603,0.9182364392235174,0.8998471911710046,0.8721087136472758,0.8801294563675729,0.926222076743922,0.8504917580764565,0.8073705978219887,0.8447494298411398,0.5105204875249671,0.5606119407272869,0.5384659690357595,0.6161704302220892,0.6290313619833251,0.7739680587798698,0.6129804913741881,0.5975570894494703,0.5010450923675492,0.42316764859316425,0.3393881314702121,0.2663075977308681,0.2311077981819175,0.2202241645146364,0.2648583278975379,0.318889599367495,0.3548859443519694,0.40763438898963705,0.3757670336944543,0.4309627364702831,0.4771244399581242,0.4099750884477655,0.4660890712839028,0.4616187681638834,0.4445158788778739,0.4613156282611898,0.5333138313691836,0.5740940368470608,0.6145413436819143,0.6051837653152439,0.055261239616794286,0.08533517420941925,0.06911269227915677,0.13035045106131218,0.09730370943899122,0.06923181519437259,0.08098823939295935,0.009870893729559516,0.09052548784354657,0.17118008195753345,0.14645384914713494,0.1246704990104117,0.14638507808248818,0.09018219734324426,0.12847755614942133,0.10211527072693162,0.09444799786573156,0.07348359295534068,0.0614719212400266,0.05689257028899738,0.1722778323952969,0.177114014598061,0.13990698538029758,0.2269699182392069,0.1050163152236824,0.16035686834592056,0.10387812008921696,0.15559987685310664,0.18604846994795451,0.3090436997711318,0.21433816823351493,0.19095984351853335,0.11906492578437095,11,heya8_cdk2_mdmx__bmn673,0.42316764859316425
69_1000137921_heya8_cdk2_mdmx__bmn673,0.6543811690384355,0.5296903784217323,0.5180227824709515,0.552708854689528,0.5582435375660502,0.5986582718560461,0.6608707555506241,0.7015720685950628,0.6146958040117901,0.6781329097515332,0.6221500837295891,0.5463644583908286,0.5346649639373771,0.5598598536524049,0.5695695938752227,0.6207363728223356,0.5099236993912732,0.5513233938316873,0.5460757565728137,0.6161353967213608,0.6119167183212754,0.7365457356702038,0.680142692792416,0.6833312129721105,0.8069747174937006,0.4441422116215447,0.7445300771817528,0.6262679162662724,0.360490698838159,0.29246707473847866,0.11666248934491202,0.3063912282465678,0.3415302635947193,0.11547005521058315,0.0911581899444522,0.1102177024784822,0.6795866850770683,0.6395476552627449,0.011419505066607152,0.1584587117604537,0.3054979184543004,0.45253712514814703,0.5995763318419935,0.5889844047472942,0.5760456497910649,0.5095136662170683,0.5572226389367838,0.4825789339283301,0.40793522891987655,0.333291523911423,0.2586478189029693,0.18400411389451565,0.10936040888606208,0.09586875644507714,0.08237710400409233,0.06888545156310738,0.0553937991221224,0.0419021466811376,0.02841049424015264,0.0375355660938284,0.09136935507567454,0.14014716920684725,0.10601861432382356,0.07189005944080003,0.03776150455777634,0.023880816080552272,0.019913605567373226,0.048614092347535776,0.055706891190793965,0.07344413717477623,0.055881125098957984,0.05584881644787068,0.07702435716056791,0.12711914104608882,0.10145949003096648,0.12194600060757768,0.1640275794574882,0.11605550571592126,0.10152913110426537,0.11559777122692648,0.1219131404805405,0.14704800611536384,0.0526212838631785,0.034235956379929294,0.05589230825025657,0.09499421681908707,0.08624148417572511,69,heya8_cdk2_mdmx__bmn673,0.29246707473847866
72_1000143652_heya8_cdk2_mdmx__bmn673,0.8273466115147255,0.8799667147329222,0.8820188410234596,0.8770308297633758,0.9484357956791138,0.921214359784184,0.9521690801557174,0.8903743433094138,0.9333137232423728,0.9501644248603328,0.941500587292888,0.9708813289240269,0.7988683169700153,0.8341426212251027,0.9480716866177036,0.94225857869655,0.9364454707753964,0.9306323628542428,0.9248192549330893,0.9190061470119356,0.9158360680093144,0.9129314170889212,0.910026766168528,0.9071221152481348,0.904217464327742,0.524520618274497,0.5360643218036695,0.5690024901217547,0.6130446847416593,0.5261343144811694,0.3972723340958866,0.2396240793903941,0.14497904676369122,0.1001037425732022,0.09201472703421164,0.10316927907868767,0.06304264754131075,0.029137766539160483,0.08112161009443725,0.09461042646837486,0.08395300435612171,0.13537116994726972,0.14070424037453091,0.12029017925512735,0.08816756150258638,0.10006624080113828,0.10290871759465124,0.1568723009254025,0.12690269764495687,0.1020503138617388,0.08087603587759873,0.2674982652803329,0.13059612728606454,0.1764748612237602,0.15376358528429288,0.17754888350723474,0.17909316278461102,0.16105234005610072,0.15263426013945947,0.2366077877656997,0.17035887379714232,0.2010476042672481,0.22080791263728736,0.25795898017966684,0.18020612166305866,0.17873469443202306,0.12714266079107822,0.107892824618882,0.11099183768786668,0.14096371077437247,0.1624854231721318,0.17409581870164095,0.1504310161443353,0.14829228630309296,0.16278452031561255,0.16368757965538042,0.15668577072286066,0.15955253626492594,0.18244883722055133,0.1417815324607991,0.1858182849007977,0.1409846385498969,0.15720132365763162,0.13717230511248465,0.14216213698354446,0.1181310186262568,0.11305971122587175,72,heya8_cdk2_mdmx__bmn673,0.1764748612237602
96_1000242374_heya8_cdk2_mdmx__bmn673,0.5073344072306121,0.5310218532328912,0.5502434220957191,0.5824146740977831,0.5794961112903076,0.5538522368656589,0.58332576524338,0.5651241314883607,0.5264777001739656,0.5568083994822594,0.6141224802922098,0.5967088610122202,0.5717103823249934,0.6193044429029231,0.6730991007508504,0.7025121033773238,0.6119320178100421,0.5866119918868447,0.6063628941271709,0.655975102216051,0.6215911007735121,0.6087734046239184,0.5940938398595165,0.636124481318897,0.6257898753898177,0.6141029962413357,0.6360716162504039,0.638806819461195,0.6680603229705602,0.6631270331698063,0.6925038727771504,0.7405915706460643,0.7586320332312593,0.7730566909512364,0.7619869522890692,0.7587671214806944,0.7583171679346793,0.6112202503505791,0.7379479633844654,0.8404083942207653,0.8601528685779896,0.9352671172594876,0.9815638304419162,0.9588345625658128,0.9604871030843224,0.8372055049064301,0.8552980354106644,0.7216689032163409,0.8176308941768725,0.8760951053361532,0.9013100079889652,0.8831396605855931,0.8649693131822206,0.8467989657788483,0.8449805561093623,0.9403707179027988,0.9549730930480356,0.7891245368506609,0.6416367292485758,0.5891135052257095,0.5786207905945775,0.5894505727142991,0.5163627298397676,0.5038606777659831,0.3926362843459372,0.3290998777623885,0.3605288262974096,0.4045640690478187,0.5152428717850983,0.5877407386830452,0.6089637145447334,0.6852717950319404,0.697070728045962,0.7038830315571518,0.6914433637551535,0.6613408604917039,0.7121775887823947,0.8329539182922201,0.6565642965477082,0.6394912472176562,0.4762160479047674,0.5234284258660398,0.4214061153222476,0.32798808910625826,0.24558426771362935,0.14908604226319952,0.2276843711801101,96,heya8_cdk2_mdmx__bmn673,0.636124481318897
69_1000138746_heya8_cdk2_mdmx__bmn673,0.9732491544463762,0.9259681473918736,0.9094464627313296,0.8934077734665089,0.8773690842016886,0.8613303949368681,0.8452917056720475,0.8292530164072268,0.8132143271424064,0.7971756378775859,0.7811369486127653,0.8248831916202449,0.9511218897376242,0.35189002987631884,0.6586566156522516,0.33212343959558616,0.005590263538920606,0.08076571401226684,0.15594116448561307,0.11515306702181476,0.21559466586240836,0.015733708701559698,0.10318814419899304,0.2241702232952681,0.17807833452012073,0.09330529590332183,0.05162559710042531,0.09073081033672843,0.15692782683103398,0.11073418722052412,0.11202894125701104,0.12141843165773385,0.21628542984220886,0.28435231789510096,0.4496580271528984,0.5235641860606638,0.558194447920175,0.5749001464598795,0.2108385244000588,0.32067137832980125,0.3037222715229944,0.2044657324247445,0.2513078226463276,0.2446795861171281,0.2184805112999169,0.14345896624915294,0.10544781294735743,0.06743665964556203,0.055950709640029565,0.04879923999800617,0.02041755418731661,0.013306080383482466,0.11520181469530212,0.1303724716053135,0.13335566102643173,0.08389379660546999,0.10233590194368586,0.12259410942227705,0.1876400885609151,0.2469953834860648,0.27107431051594666,0.2670468604988709,0.3178378362858613,0.3399207601877409,0.29850248315995953,0.4170694108987145,0.32599896532401784,0.4160826500817196,0.4701218751924822,0.41662375628012605,0.45221183017046007,0.5519443863117867,0.4451880117485626,0.3851025896817272,0.4805059637454592,0.4156971712122284,0.4835430316538305,0.4045022630438782,0.5415870147560722,0.41251523816833613,0.6304672031290728,0.8484191680898097,0.7617334590008481,0.5167002512173335,0.5037222033654917,0.4975903211799734,0.6011006151508372,69,heya8_cdk2_mdmx__bmn673,0.32067137832980125
12_1000041390_heya8_cdk2_mdmx__bmn673,0.8081363293515755,0.7679150448962415,0.8006837219763892,0.8334523990565368,0.971813975744758,0.9501628048178308,0.9285116338909044,0.8109794122787533,0.9476191422579752,0.9230931495350251,0.7761523108671115,0.8261825941512176,0.9186629702619196,0.7890785802128355,0.8884567339697174,0.9348957677578308,0.915017129069236,0.5976479868797053,0.6578949896075889,0.6189030130258661,0.6126132891481857,0.5895712361881695,0.5665291832281535,0.5665168548311862,0.4395300124826149,0.3571067205239841,0.37292046345023816,0.38863755099179503,0.3555441836190296,0.3290212977560873,0.30820415770339976,0.2748148991440525,0.27401753301042786,0.26730272484813505,0.25781405569528193,0.2284127599423156,0.2349733526474691,0.21041389258552573,0.2153287363282893,0.24317843514022086,0.2430233044551893,0.2454534866283407,0.2692747052103108,0.32767166428499905,0.4036598188203324,0.3563503438025539,0.4534640307912308,0.4388129041240015,0.3818758462406822,0.3274788201494888,0.35472611912618723,0.4638343564444408,0.5204026237235156,0.5055532586230049,0.513653962891905,0.4404081994926726,0.5045993245701145,0.5550853546574561,0.3553975616945762,0.693898832452769,0.17244702287575722,0.1916020520725469,0.17739080925273046,0.3530791234405288,0.3412051809399877,0.3897653619529292,0.3952742478229085,0.4314788225221367,0.4162404451042824,0.3894825140032448,0.41245454123878394,0.3671617476130135,0.3739382775571538,0.3244140247685705,0.2667185267330513,0.3668654964073123,0.4070022720974193,0.4618854035282317,0.4306613591472665,0.4398590085553239,0.44341901695461866,0.4360498686116728,0.4592322248806297,0.5020852481931604,0.4549679750505793,0.4450867817785554,0.5300781806079171,12,heya8_cdk2_mdmx__bmn673,0.4360498686116728
16_1000047497_heya8_cdk2_mdmx__bmn673,0.2562872045881291,0.3124835680033733,0.2987095519244771,0.24785584302049304,0.33000265454372824,0.32535111601412553,0.34336455518705383,0.3351695309673874,0.3052976000219909,0.2822554980980165,0.31587666405024034,0.25955539480507983,0.32847851301779946,0.3211418511543149,0.2974593143753579,0.3356703123648107,0.420281961186356,0.4662434160720129,0.5533952025561414,0.5358782254655184,0.55157582144512,0.5766150003771849,0.6016541793092499,0.626693358241315,0.65173253717338,0.6767717161054448,0.6631327255392422,0.6741829203126543,0.6926402625185081,0.7068783221194643,0.6713574348719977,0.6666483183692928,0.6701350736548748,0.6303786604486376,0.7031829359922364,0.6906978555807001,0.6782127751691639,0.6657276947576279,0.6532426143460918,0.6676745583112939,0.6634446634470139,0.6623531861445621,0.7059144312159059,0.7061254438146579,0.6601256405938436,0.6621215592818206,0.6505556621373801,0.6449606712840427,0.6243104167380484,0.6427862777982818,0.6781478455913715,0.6729475492542971,0.6863624102861022,0.7275020149703741,0.7182660350888743,0.728875888970415,0.7650065287603731,0.7038194825947105,0.7489883282870354,0.7024483418309229,0.6687145528487548,0.6681874043947161,0.6676602559406772,0.6611128453635298,0.6545654347863821,0.6480180242092345,0.6912450388038726,0.7602689904190739,0.7928212939787712,0.7839384182821295,0.7662741762785541,0.7245094467738797,0.7590197630603323,0.7249168738182297,0.7308076077047341,0.6140459380908888,0.6137295106799588,0.6134130832690285,0.5557036087595826,0.5175512560766145,0.4793989033936463,0.4924052660869757,0.4407861800730391,0.4599106811433396,0.5850445154218646,0.4959968102170762,0.6018667523168467,16,heya8_cdk2_mdmx__bmn673,0.6532426143460918
95_1000239188_heya8_cdk2_mdmx__bmn673,0.4583569708267698,0.4378380926543873,0.4654435292614211,0.44753879941431424,0.4830864885020797,0.4714088727838971,0.4597312570657145,0.4622518493384765,0.4647724416112386,0.4919421892876623,0.5447653094333281,0.5975884295789942,0.6013863374047148,0.594757833690496,0.6074676522931353,0.6279733011633967,0.6257173644617758,0.6302003742726657,0.6687049680679782,0.6677725678875329,0.6689164303847782,0.6876093233956321,0.6599471447449663,0.6342300829153714,0.6264257115232643,0.6580460965050556,0.6768113740930165,0.777119833871384,0.8896623813565224,0.7700209254448319,0.5771932568245107,0.694963919426724,0.7172477424803213,0.7380089728241181,0.7718915294736147,0.7732577873838835,0.7813081181482932,0.8009910995302613,0.7860742664243199,0.7676839051137107,0.7586555486559565,0.729260991547263,0.8176716444434189,0.8192151593424497,0.8810209133481154,0.8624867482421495,0.8935715837992602,0.8315927142193066,0.5706104430082344,0.4988587347561018,0.8513832437763372,0.7728751620635665,0.694367080350796,0.7760793149678378,0.6612717767116858,0.6042980449382471,0.5473243131648086,0.4903505813913698,0.4333768496179312,0.6327835014254285,0.11518106439174422,0.16765255898628698,0.22012405358082995,0.3282923879345122,0.2655518529201825,0.39043080654120776,0.2551753882846454,0.5968880505344973,0.44989791548978003,0.4803751054021764,0.447428280986784,0.6082061889374748,0.5772412630414491,0.5644913891183754,0.6346984944492101,0.6856538797935235,0.4339364067318082,0.516152725386708,0.7617892378743022,0.6558427781572164,0.6161502160767176,0.7362426862869622,0.667830600204157,0.7325741722334119,0.6773627541342498,0.6381821459442808,0.7026764958688506,95,heya8_cdk2_mdmx__bmn673,0.6327835014254285
93_1000235423_heya8_cdk2_mdmx__bmn673,0.5866293634715428,0.5597852889434606,0.6178832484367831,0.5270678248497135,0.5451052947623249,0.5915847304356324,0.6380641661089401,0.6116827637172603,0.5998641709749681,0.6142841690872562,0.6304583957420444,0.620962917745464,0.598649293377719,0.6183094437808856,0.6379695941840526,0.6576297445872196,0.6772898949903862,0.6235430510521781,0.6205291375014207,0.6175152239506629,0.6279849563261982,0.6384546887017339,0.6425864878721981,0.6177974563235094,0.639106122851433,0.6467790229753354,0.6740442495944955,0.6371736084277907,0.649625612140832,0.6620776158538737,0.6540159745175095,0.6737067520953238,0.6557232740914953,0.6573569038725064,0.6327492772007183,0.61116055885075,0.5287122911323116,0.5966597822871204,0.5824560884453697,0.5682523946036189,0.5486402880390882,0.43028506396355976,0.4106597572919725,0.4860207778001517,0.7115159586177923,0.6685406957364424,0.7244950578006504,0.6962191433023679,0.6696775748971188,0.7878619391768198,0.7742275533724182,0.8989685221300613,0.8679005881283439,0.9913073459824188,0.4895712807467026,0.42265622621571225,0.4444517466976379,0.35968254657476634,0.3282249165180925,0.3877635293042331,0.5218580121025415,0.4512321665147202,0.4677274471269103,0.3834483822475897,0.4484830527265217,0.5667354719758964,0.5784241443408984,0.625140730052189,0.6905233157390058,0.6496757998260666,0.6122986439840957,0.6888131255046773,0.4261958392127321,0.3872009764829344,0.4086983909200958,0.4768740562347554,0.4459560475069048,0.4381689211842456,0.4117249706952741,0.4650970303281953,0.5423257108843488,0.6239843756656978,0.6775293021986366,0.5376008817467203,0.6518518294243321,0.6426417968457249,0.5616640625629682,93,heya8_cdk2_mdmx__bmn673,0.6175152239506629
89_1000226767_heya8_cdk2_mdmx__bmn673,0.539968135948082,0.6036444383525342,0.5282130295925277,0.4822746533735628,0.5160036790497261,0.5910876947897714,0.5629575139254822,0.5784897457406416,0.5746270248001404,0.5281838894972651,0.5970659352602411,0.5496127332789321,0.5386615654086765,0.5702588629629168,0.5768384393896223,0.4962909755188147,0.5135372758934462,0.5089789713917154,0.5002560051659092,0.5173432462369953,0.5362751853993784,0.5716935442009602,0.5711396445864482,0.5308476884093145,0.5288352894827787,0.5267822060110613,0.4975350780954563,0.48627019713751,0.501314457270904,0.5160604191788966,0.5459636300190049,0.5359743629815386,0.5321646013999686,0.534638598207694,0.5567569365022407,0.540172410163845,0.5179327379753996,0.5222426618481649,0.5479503174802679,0.5634282522574762,0.5454993505553978,0.4949229082867164,0.5279195111850988,0.5473151438222132,0.509442726656552,0.476642037392413,0.495545691153058,0.4927662807547106,0.5104803069916621,0.5194405137518542,0.5244454910406833,0.5222856627334292,0.5276453376562983,0.5241781976090438,0.5368818204564637,0.5463123551316393,0.5707409102413042,0.5524994719963546,0.5761381881628986,0.5773983250988685,0.5362126883862631,0.5798446573583427,0.5491795731822824,0.5680995258547243,0.5992206747475786,0.592744239877033,0.5612828845088211,0.5620561076765297,0.5837592565192542,0.6046779537255818,0.6038678958659924,0.5851293333536128,0.6071311667475797,0.5975710598162204,0.5774242587846184,0.5494854839135674,0.6367076608814815,0.5837316570371955,0.5307556531929094,0.5471042335564796,0.5307799103366478,0.5603202419882102,0.5483545835817912,0.5292615234644766,0.5103354463487917,0.5460158764031102,0.5850337975672479,89,heya8_cdk2_mdmx__bmn673,0.5454993505553978
11_1000038175_heya8_cdk2_mdmx__bmn673,0.6112190287587699,0.6217533617185016,0.6358876024773761,0.6841546136806012,0.7007573243099791,0.7265740279118176,0.7320490604681217,0.7413486920899899,0.757745434539188,0.7761228175308933,0.7792507885911418,0.8132916471480005,0.8318765835695818,0.8609228125905388,0.8507522349777716,0.8524855960154267,0.8483204103804599,0.8233616916942558,0.7987337198738332,0.8203571333198449,0.8169821967528293,0.8172312470655491,0.8602207577787649,0.9177787623447422,0.9233136547032934,0.9340334415869626,0.9377366054393446,0.9238627280688908,0.9548107152518346,0.9641701225986056,0.9574263622888822,0.9757431399834884,0.9722827472641922,0.9732733188046924,0.982310798430521,1.001809302009972,0.9837941744946406,0.982309273006907,0.9801965681850198,0.9790962493254224,0.9779959304658248,0.9768956116062276,0.97579529274663,0.9746949738870327,0.9735946550274354,0.972494336167838,0.7246321511222132,0.6198690309459555,0.6098339742939443,0.6627775488331631,0.600125750589081,0.6194061027707192,0.5510161363692876,0.42334120148517895,0.4174465488387228,0.3742639580458615,0.23655025975266206,0.3866957945992137,0.2888555581448124,0.4093063567479632,0.30866055403628645,0.2912656969067251,0.2670580519645258,0.2661729764585589,0.28357243798393056,0.30818649143856497,0.4264711961264477,0.37637012467731945,0.3346185028487604,0.3461427780756963,0.3338958072114426,0.35989012998441683,0.36808605087106,0.3617125645533247,0.4014636558031444,0.4169539795999042,0.3965393043528875,0.3948390166016518,0.39638922123235576,0.3687345556319948,0.3291615958630857,0.3663307298684757,0.33726826802243515,0.34963118726479625,0.3423899188182764,0.36788838432110027,0.3772561998849657,11,heya8_cdk2_mdmx__bmn673,0.6841546136806012
71_1000140860_heya8_cdk2_mdmx__bmn673,0.8876500851265544,0.8520851348870089,0.9158137096235408,0.8966085789830618,0.9584049350175136,0.9683438096962148,0.9782826843749156,0.9882215590536167,0.9993210360113632,0.9747232648660076,0.9501254937206516,0.945268383980964,0.8162764601493923,0.6872845363178206,0.6702534968580359,0.6956352683806176,0.6881640952384879,0.5906651020212051,0.29245369932373777,0.4895782142127079,0.4699868158793804,0.5296893599550377,0.3924159046128105,0.34782847793346056,0.37913927257431107,0.27774191487420313,0.33261837608313355,0.3142802146521867,0.3746487688852289,0.3869097359373839,0.42931189080609145,0.3929047503093539,0.5111937563412573,0.6095703898390531,0.6317437106915992,0.7240130039835643,0.4631444708477285,0.6830960159649488,0.3567367947565881,0.9855809879983178,0.9716491772808572,0.8727684203355432,0.7738876633902289,0.6750069064449147,0.7130716119800012,0.8184791840357949,0.9238867560915882,0.8076836638898451,0.3872602992854706,0.6316574887124734,0.7077000899371387,0.9321476796468218,0.8712592877964321,0.6228539516872009,0.37444861557797,0.12604327946873875,0.160810265652776,0.7320888922112228,0.8175871191259325,0.6522967011323901,0.6433309715781443,0.6693786986767002,0.7755392167694667,0.8071652347731578,0.5732293064316777,0.4423165642804829,0.4946005146885874,0.4530721564010058,0.5329957918527389,0.7100864927900121,0.5162142623387854,0.6127928395875012,0.8099776005708293,0.6646001195122788,0.7076662114739458,0.6946287288372368,0.8710456764816912,0.8071642237378894,0.6288001952461454,0.6582683421410502,0.6053654271332104,0.6711288655868379,0.5723099942874226,0.6085742461756323,0.5791905472056855,0.5339520639040505,0.5675283218377503,71,heya8_cdk2_mdmx__bmn673,0.6646001195122788
89_1000226505_heya8_cdk2_mdmx__bmn673,0.4748617679246328,0.4711161669615356,0.4673705659984385,0.4636249650353413,0.4598793640722442,0.4561337631091469,0.4523881621460498,0.4486425611829527,0.4448969602198555,0.6634782420563862,0.5797912344007946,0.5686931979503799,0.5420979431072122,0.5533074125233391,0.5489268403709237,0.6199787001870535,0.6549026079126942,0.5910597475247752,0.6155812347239801,0.6108953485075223,0.6062094622910645,0.6015235760746067,0.5968376898581489,0.5960885276832386,0.595339365508328,0.5441140053409614,0.5744229312656534,0.6047318571903452,0.5962317661333486,0.5063763121338644,0.5580888428365735,0.5275355202297779,0.6374293356084461,0.6149886898504372,0.5925480440924287,0.5651355081107089,0.5478016337709848,0.5304677594312607,0.5229083753266123,0.5153489912219638,0.5077896071173155,0.5002302230126671,0.556830217351584,0.5373386904540087,0.5608619400768913,0.534977136225904,0.530822379391776,0.50078176041979,0.5244953967889271,0.5671018912332881,0.5969567462412245,0.600483700924286,0.8713243064145151,0.8139793488161376,0.7000702196685382,0.7150772829465983,0.6458795042128133,0.8451895242986034,0.971665541420408,0.6163623075628417,0.563253521010605,0.5791902943227732,0.5975784758274554,0.6069261907855927,0.6007293181933949,0.6220986904000338,0.7264703275415373,0.6781016198489284,0.6548421071746964,0.6479841316487364,0.6596907589995537,0.6257014929073356,0.593987212817581,0.6258132184241691,0.6199514761546248,0.5719965935646277,0.6399802435014488,0.6356137856774833,0.6312473278535178,0.6268808700295524,0.5976995111910353,0.7101881266489423,0.8226767421068489,0.5586694330899723,0.5878351471224494,0.626150823146145,0.4725322562309732,89,heya8_cdk2_mdmx__bmn673,0.595339365508328
89_1000227878_heya8_cdk2_mdmx__bmn673,0.6459327234449248,0.7555836671743266,0.767694592393907,0.7152567384932428,0.7661046610239547,0.717440300837052,0.7200863435881317,0.763756511455908,0.6108312241275422,0.8021444875735929,0.7940045090980253,0.8205249043493041,0.7751290171024104,0.7297331298555164,0.8361568587708573,0.8329453735218243,0.8575107358121773,0.4751225473705311,0.4327100185775871,0.43805287631639617,0.4375288408576768,0.5690725726954431,0.5804298613604094,0.6009763104510266,0.8700164494330186,0.8507662357880428,0.835590793911165,0.883640223219236,0.8338802607536725,0.841035676325016,0.849269647508654,0.8409456819774044,0.8786916390644315,0.8442485092834107,0.8683538733685987,0.8045095919446873,0.6074401995781791,0.645205167032781,0.7291578135118767,0.601300849857588,0.6334503626794781,0.620529379550222,0.6260725221693824,0.4772180309723649,0.5347075154586691,0.5205452012948348,0.5180450244814268,0.5330218012748877,0.4318017040756018,0.4686756003114048,0.5154087592371305,0.5322295314226304,0.5410458303279606,0.5059783522036225,0.5572044262175054,0.5284562438237788,0.4276934610929918,0.54856983191214,0.6569063945871843,0.5760430941051087,0.4206769474149353,0.423008418619195,0.4491804114352405,0.5677700398016852,0.6520556228599278,0.6827388449370141,0.6491085675243693,0.6707639306016797,0.5839623333325027,0.5652528901823872,0.6138947619499524,0.6625366337175177,0.7111785054850829,0.714101837350804,0.7211635699678173,0.8671565385147162,0.7642190915177342,0.6612816445207524,0.6549306559577843,0.7453904546084696,0.7368185997585223,0.7427412223722878,0.7249256882800594,0.770555859207705,0.8414461137563536,0.8388150923961737,0.8357288902521157,89,heya8_cdk2_mdmx__bmn673,0.6625366337175177
67_1000133878_heya8_cdk2_mdmx__bmn673,0.2802465124737514,0.3289144377199824,0.4296559573003106,0.5172161244167562,0.5565606300930938,0.5801619174917567,0.6091706215754323,0.6288663298498886,0.6667682284972678,0.6786012534673299,0.723487220019475,0.6275173522699178,0.6154604750140551,0.6430253714988489,0.6139163090625627,0.5968909149051431,0.600268751728359,0.5689862974307011,0.5526166052842651,0.5592440946573024,0.5378242942587741,0.5416418469985704,0.6224887542428299,0.6469106453254599,0.6297744449583615,0.6212259013320073,0.6026713962163864,0.7905406513334815,0.8187009296287809,0.6869826271679894,0.7114882710555992,0.7651288447130953,0.7629574974102691,0.7260381394306816,0.7267887358117592,0.7332680440581594,0.7046066784345639,0.7447470831281814,0.703277987074071,0.7415979599940191,0.6958442163486441,0.7335245320074674,0.7556886554985627,0.7605667526946016,0.7091162588803099,0.6533857385160163,0.7903902762708803,0.7995918627326983,0.7757877808922818,0.8833019582039192,0.7982455990244847,0.7732205889543603,0.9262393892342456,0.9066726228305731,0.8281136977218314,0.7229261232184283,0.7320207234896006,0.5884221861784005,0.6253816043300366,0.6418580818549084,0.6583345593797799,0.6771526940070354,0.7593806366786013,0.8416085793501675,0.83383688797454,0.6992737461895558,0.6311770824664292,0.6129399812895707,0.6787678806013405,0.6127682935171893,0.3803606712021007,0.3469534499259734,0.1991999027941458,0.2169438637022094,0.14506681267447305,0.18467790927784036,0.2217780763217184,0.1498943986761166,0.3930341953437518,0.3035623361478203,0.3257280644742328,0.3316601890220316,0.3247202979354647,0.31639735620123943,0.4134717904947001,0.4408579231794347,0.3582520321509086,67,heya8_cdk2_mdmx__bmn673,0.6311770824664292
71_1000143045_heya8_cdk2_mdmx__bmn673,0.9514134983529744,0.9109589967197684,0.8705044950865631,0.8300499934533574,0.9642637877073864,0.6497925497339084,0.5487530747589876,0.6012578530209282,0.6218104730179651,0.6051934474371241,0.5164799306599317,0.7827644343736053,0.9889212381252886,0.4448404113805803,0.40411670285964624,0.4037584015376944,0.3326597062640507,0.3538014860882782,0.26929006601229744,0.21923285496286024,0.2598027849526985,0.3003727149425369,0.3409426449323752,0.3815125749222135,0.4220825049120517,0.4626524349018901,0.5032223648917284,0.525071251633344,0.6143817440259,0.6376968110947691,0.6108117946371855,0.6382150469241774,0.6027115398509019,0.5966847368102656,0.554560141428667,0.5523844721146316,0.5836086864346416,0.5807474311099021,0.598629896776116,0.5600156998649732,0.6022104560264048,0.5576697290441011,0.5254228433937186,0.5004693022564697,0.4801623417347538,0.5128409488906397,0.6253998680367878,0.6331863112451261,0.606436655836046,0.34974803158603673,0.3644654527233711,0.5086581868891453,0.5821182272841594,0.6848633233946197,0.5451505281882629,0.5991363974528147,0.4780267362017148,0.5583809887750089,0.5587546350487004,0.5519636444193534,0.6500655505714354,0.6369139920055318,0.6247735677269137,0.6126331434482954,0.6004927191696775,0.5883522948910593,0.5897922256068793,0.5912321563226994,0.5926720870385194,0.625008391155333,0.6702273270005278,0.5454152368376097,0.4828602683263225,0.2990607535404376,0.4444564990020588,0.5898522444636799,0.7352479899253009,0.6807864039576867,0.709150746918164,0.7281631359970608,0.7155593852345423,0.7136189104831803,0.7075761042794257,0.7190551699221601,0.7756095959479041,0.7615031093788928,0.8366142728024705,71,heya8_cdk2_mdmx__bmn673,0.5912321563226994
91_1000230141_heya8_cdk2_mdmx__bmn673,0.6622368968783664,0.6745616695389854,0.688582199588449,0.6367399218879567,0.6615944627774414,0.6887905259079203,0.7642485210876565,0.8141084931810542,0.6150632413779938,0.6374638467402519,0.5760723282518131,0.4939844996699432,0.4524386817801774,0.4685959076378469,0.5623885333233292,0.4745008730529245,0.4785436324831803,0.434251035701854,0.4140884969808937,0.4080041034894513,0.4318902866713378,0.4033198638690437,0.3710255211622879,0.3303100508492418,0.35469045250690545,0.32173322698884466,0.2537082369609045,0.2510488886874589,0.3901233609125795,0.4491232582700401,0.4183290758349501,0.3616400718453351,0.5372250791560064,0.464166967961781,0.5255753805038521,0.5681634780148063,0.34396483526189714,0.35511628519618826,0.36626773513047933,0.3774191850647704,0.3885706349990615,0.4745309737718486,0.5140605630941484,0.4776838286248152,0.4170948794569926,0.4262247869584723,0.4245667468387975,0.4364516001572511,0.4023533299694713,0.4653121491432705,0.5282709683170694,0.5912297874908686,0.6541886066646677,0.6286562550451337,0.6268204180802134,0.6841195821384253,0.6631724786342703,0.6612488496302146,0.7174862695198646,0.7216301726997952,0.7406142711862498,0.616072223823411,0.7895709767916308,0.7917082194117958,0.7584965095516102,0.7742651519969493,0.7900337944422885,0.8058024368876275,0.8215710793329664,0.8373397217783055,0.8531083642236446,0.8688770066689837,0.9082579468462442,0.8752438307704641,0.7850711403986628,0.8250019134141402,0.7761484075607324,0.6137768636634985,0.5856308437856591,0.5574848239078197,0.5115085696024627,0.5205422482706568,0.6169131773282638,0.36444562666323743,0.40779418677300794,0.4511427468827784,0.631933370161033,91,heya8_cdk2_mdmx__bmn673,0.5574848239078197
72_1000145050_heya8_cdk2_mdmx__bmn673,0.4739108861192625,0.5151965953094556,0.5505584404333524,0.5774827780698022,0.5661833538317235,0.6210903286030605,0.6853290882581646,0.7063355231368624,0.7064652286201956,0.7464241927312374,0.6922494325986697,0.7009208815474597,0.6713718351466589,0.6513023744859351,0.6355815672301135,0.5980999267146075,0.6434505965450972,0.6356004527896046,0.6731977331342249,0.6038316720936423,0.6082136109919539,0.6971877044440528,0.7005875913247601,0.6949327197658042,0.6361192241067906,0.6614647329527478,0.7007972839457949,0.6964569661845156,0.726936517675741,0.7203338813576488,0.7008421228361152,0.7225986147993355,0.7226316517856106,0.7091459550099131,0.5959900999447849,0.4984095926267486,0.6564422519737946,0.7092959825711301,0.5402518948021083,0.3712078070330867,0.5591127649259447,0.7470177228188031,0.7341084340538591,0.7426796554388371,0.7512508768238149,0.759822098208793,0.7683933195937707,0.7769645409787488,0.7774312399319838,0.7830164663087319,0.8010880769616758,0.8337724841628165,0.8522723766481096,0.8482576481488407,0.8212560614309866,0.8563288206945394,0.8613153658827725,0.9450431671468938,0.8724853262808198,0.7999274854147456,0.7273696445486714,0.7318639886845424,0.7259758190154565,0.7093945640816985,0.6928133091479404,0.6762320542141824,0.4862297490732291,0.4212485198536002,0.3906204520741808,0.3199724043892218,0.32681777666516193,0.3058905867515637,0.3250235775761217,0.3474493034285477,0.3434623511934156,0.21076436680990526,0.02251877479792808,0.210708043661772,0.11048035051758327,0.08802695672364406,0.07243415801757512,0.05684135931150638,0.04124856060543761,0.02565576189936869,0.1369289798930219,0.253727924435145,0.3049278040712581,72,heya8_cdk2_mdmx__bmn673,0.6731977331342249
12_1000041574_heya8_cdk2_mdmx__bmn673,0.7651740524453579,0.8179614051348654,0.8021307761288481,0.7861552370511775,0.7911676098511358,0.8495841530394507,0.8444717136648555,0.8999655442671578,0.9564889056180628,0.902452583445133,0.9244602620711824,0.9464679406972312,0.9464621885393418,0.6793191259527657,0.8830831932077567,0.9421171345209484,0.9478163055383676,0.968297835180944,0.9454901069269588,0.5299961173420252,0.6554444502367502,0.5795138353580757,0.5603707784847554,0.5480829614200059,0.5562518507487598,0.5601850780166371,0.5825378587156195,0.5686949702919734,0.5548520818683271,0.5587570169978888,0.5727777954587073,0.5131083348364491,0.497167406833609,0.5073745808777933,0.4494638243000168,0.4692481993619805,0.4577579747362808,0.4621103573604689,0.5011876250035366,0.39348790926343546,0.31317311625666744,0.2571696860213387,0.23809774846075865,0.15380766005375476,0.19437733313498204,0.3057778674806469,0.43777187985994026,0.2934761554411003,0.5806446892092768,0.3192685468884734,0.3991110079042702,0.4065137227539706,0.5867855091433619,0.5525735518633662,0.5183615945833705,0.5001234690825103,0.6163808661248646,0.292755054330752,0.20076514742811455,0.16267674024032155,0.10070637526937352,0.1132365343539907,0.12016502169179215,0.08152757080123975,0.05531853040103809,0.09205399448912573,0.12467810556825434,0.12279341059334505,0.12276988535553122,0.07478121996978672,0.059746988366585235,0.06777597886740458,0.027545259245168284,0.015564891913238597,0.012289457545260502,0.04429052444073567,0.05903483496199629,0.09285867051803606,0.12709888430541155,0.13383938452399355,0.12222636957520874,0.1922312010750963,0.3326119516595719,0.33143393879394245,0.312973930666433,0.37551197585522217,0.3934613297788351,12,heya8_cdk2_mdmx__bmn673,0.4577579747362808
9_1000036763_heya8_cdk2_mdmx__bmn673,0.5012016994677513,0.4863375608034681,0.5069161834659148,0.4912509734345042,0.5184960733544723,0.6555100642117839,0.4857775011396619,0.41393104390427454,0.6171512942450703,0.6267464987026214,0.642699336848083,0.7420936447325042,0.5786332772241254,0.6731915355361057,0.6539929469843297,0.5712965193332772,0.5369338141304008,0.4629405784981355,0.5756022838917441,0.552148028615247,0.5288087375775593,0.4835784699421189,0.5309944854512753,0.6008063104231401,0.6299369145407341,0.6012342646832775,0.5723258094704959,0.5366468946487116,0.5601426965191773,0.5980535202752922,0.6318909930558678,0.6644094585574379,0.633096519416532,0.6017835802756258,0.5704706411347199,0.6424935126900451,0.5556107499192939,0.4923921025930846,0.4291734552668749,0.3659548079406653,0.3027361606144557,0.5008895992064691,0.33126010447930376,0.4580439796346386,0.4519095019655376,0.4457750242964368,0.4396405466273358,0.4335060689582349,0.4273715912891341,0.4212371136200331,0.42117744218088426,0.4211177707417355,0.4069276190899675,0.4010142420177454,0.4986145290410071,0.4463479358924536,0.466466866597129,0.6533540694332424,0.7098088462361682,0.7662636230390943,0.8227183998420202,0.8791731766449461,0.822487256051874,0.7658013354588017,0.7091154148657293,0.6524294942726573,0.3502506247283032,0.5084792565617857,0.6667078883952684,0.8249365202287509,0.6476545402901013,0.4703725603514518,0.4608604917950612,0.5291386697955679,0.5974168477960745,0.6656950257965811,0.8633765951286676,0.9142474166976876,0.29870010937966,0.2365426924720849,0.16286579964331965,0.14666491480217098,0.10869427855471778,0.15424739335718748,0.13142518421187238,0.4503106799257048,0.42044026019640734,9,heya8_cdk2_mdmx__bmn673,0.5291386697955679
94_1000237387_heya8_cdk2_mdmx__bmn673,0.6029028192661628,0.5975708493339,0.6097732802885725,0.5948886740982885,0.6385769829729201,0.711947803622796,0.7624586963228794,0.7374956735504149,0.7251036346163531,0.6597247796653897,0.6464355886875162,0.6306700772477234,0.6203549900600654,0.6506912743345988,0.6008271840729553,0.7697634513395857,0.23930493274539286,0.2551346075198242,0.27521850884135096,0.29989595225778337,0.27638362468362765,0.2403437666353971,0.20609934531606405,0.19331678722245754,0.2392036774110039,0.3441426492673373,0.2707552069003757,0.33012496683941384,0.4734962385726046,0.6620045088426744,0.6394122189030489,0.6311445362040876,0.6015989649047051,0.608620974406936,0.6572800206472413,0.6179566610982874,0.6850117085663732,0.681461227978866,0.6933839169112103,0.6810843857240496,0.6451020633821173,0.7351372841816057,0.7369851328680506,0.706086878315697,0.8192105098496336,0.8367304201433511,0.7949383992180002,0.8442444568052753,0.832184135640768,0.8588883537297897,0.9093406326668156,0.8495305841903923,0.8758058285426361,0.9194260822478341,0.9309510199835552,0.9308664984328522,0.9452951865312164,0.9810604273855028,0.9244287714880016,0.9091604024121768,0.8679855382473987,0.848151265542389,0.9047041649544484,0.8397068654461073,0.918635472815826,0.884218193446147,0.8769786742609659,0.8446299833441819,0.8473325028495178,0.8122086138909134,0.8925657849305345,0.8331530984713341,0.8754281294253203,0.5960399159270584,0.5963039799915693,0.5396748825089351,0.558827862677468,0.4867076699478736,0.3621726755146176,0.34449001285195197,0.33056904318777913,0.3181212119632117,0.31143528872180753,0.21950671656507986,0.25408891948848755,0.1817778643710212,0.2214892977323894,94,heya8_cdk2_mdmx__bmn673,0.6572800206472413
67_1000131598_heya8_cdk2_mdmx__bmn673,0.7387224723957451,0.7297810698192695,0.7383072792378766,0.7308708829537137,0.7096828321850073,0.6665134014606316,0.6447129298483658,0.6147990607124926,0.6526595712014597,0.6593040273523988,0.6865149414110147,0.6707450831098114,0.6919917542068351,0.7040562507564193,0.6959028401255836,0.6870905451250438,0.701936381757707,0.7093183673070942,0.6930648663301161,0.6925495234649411,0.6975032064155823,0.7024568893662235,0.6966350616132754,0.6908132338603274,0.6849914061073793,0.7143781571339267,0.7593060354780031,0.7622617262647008,0.74485525089517,0.7282562187637746,0.7118537498894102,0.5925789128148329,0.6114181426171841,0.6080856934066291,0.7593056581773161,0.8305457034318672,0.8413943949278917,0.7722474338203239,0.7938545646921734,0.7561261197536729,0.7005858785076395,0.6450456372616059,0.5895053960155723,0.5339651547695388,0.5335559736029655,0.6364355310610658,0.7393150885191663,0.8421946459772669,0.9450742034353672,0.9835729666220646,0.8687344409402836,0.7538959152585027,0.7145983287108013,0.6753007421631,0.6640434669356093,0.6527861917081191,0.6415289164806285,0.6757597870378679,0.7099906575951077,0.7442215281523472,0.7351179444700354,0.7291686065016566,0.7232192685332778,0.7172699305648986,0.7113205925965198,0.6443140268205078,0.6008671717625594,0.5574203167046108,0.5139734616466622,0.4705266065887138,0.4270797515307653,0.4061128923568128,0.4069732843020897,0.4270954877619338,0.415215341148052,0.4064194404431065,0.3583061413332328,0.3669973156835737,0.4112750331017129,0.3921626154472494,0.3982086645668679,0.6937017964257381,0.6987390678723143,0.7034899715612594,0.6984372204159351,0.697597843906562,0.7123333441971791,67,heya8_cdk2_mdmx__bmn673,0.6959028401255836
67_1000133207_heya8_cdk2_mdmx__bmn673,0.6142554357665037,0.618255168876176,0.5917150622440981,0.5940629404123109,0.6199752603205958,0.6458875802288805,0.6199920774619194,0.594096574694958,0.5599721264081365,0.6243482406929178,0.6162208778873921,0.5629128207473058,0.3961193650871821,0.3971320641963257,0.4966113001663179,0.3782070451253648,0.4869537004793579,0.5637643872154615,0.5180494215805829,0.4961863775435579,0.5485710376285001,0.5396487371648369,0.5028306685528243,0.6266565002938422,0.7000450508861993,0.6994858844754578,0.6465453079800985,0.6987059610893592,0.6869535521502597,0.7316795547868762,0.744460123894234,0.773506634191511,0.7598028733653456,0.6685260934467888,0.5772493135282318,0.4859725336096751,0.3946957536911182,0.5297558249309903,0.5560407381675666,0.5823256514041429,0.5880066307565684,0.5214544620233835,0.6929004525207166,0.6937199649780253,0.7070360327300692,0.8133004321803583,0.8879892817129811,0.7301817624997735,0.7447935881968918,0.8333542115075978,0.8823992521151542,0.9468455573834214,0.9923999284358888,0.9501135313865108,0.9078271343371324,0.8920431811371431,0.390854435326757,0.427308588446223,0.4903168409655892,0.5533250934849555,0.6163333460043218,0.608480186818797,0.600023574543444,0.6639174475380039,0.6045501149940459,0.5232687652612945,0.4006956004364775,0.5698483257758641,0.5459678202546195,0.7231816103230899,0.4237468099520917,0.5193712934332307,0.9478620176367312,0.9319357936236221,0.553295733677178,0.5120190986527804,0.4707424636283827,0.4294658286039851,0.39067281170547735,0.1603548633127514,0.1752344825881295,0.26300640729168984,0.2141098287758625,0.2789062952685105,0.2952306955795831,0.3103605271325132,0.2980344902539266,67,heya8_cdk2_mdmx__bmn673,0.5880066307565684
11_1000039958_heya8_cdk2_mdmx__bmn673,0.0787772640821502,0.09161629137017596,0.09768742689665202,0.09498514602941777,0.09819767307479116,0.0864187236629765,0.05490024366697032,0.05740756628773206,0.061193187691368424,0.0999549412761877,0.12596194816786171,0.10056641305359076,0.0970673578115225,0.06986749234970159,0.05568269523184305,0.05152267316618285,0.06828444390802257,0.04748026280551874,0.0860114640249365,0.09716404370929893,0.09533652069828157,0.07252513659020214,0.024468294250367468,0.07845517698940979,0.05458191761092454,0.009226394071916845,0.011874165621858428,0.007854474839502476,0.02203731699430742,0.03622015914911236,0.019815831419300826,0.014927942437558638,0.02428868127854803,0.034330487328398815,0.05385939548221056,0.09288407596880986,0.2328648058392233,0.7127729414480468,0.6755243299059294,0.6382757183638119,0.6010271068216945,0.5627696770402524,0.4748835149471208,0.4337093860743816,0.3447922542367777,0.30324031588697936,0.2418460784862619,0.17689496159220985,0.1624248601574026,0.31849660113859857,0.18881083108622576,0.34405505142235443,0.0988122827330714,0.3452825106130745,0.3739194461421358,0.3591017640079869,0.4178560857900058,0.3418033162976527,0.4775998394055969,0.594312862489025,0.5661689328188522,0.3654208551632814,0.2011921750816384,0.18943362120098475,0.2180853301027053,0.3844833187736837,0.2914878262226988,0.3574811354356487,0.4515060756856968,0.3343465446094251,0.30186410420221194,0.2789910346604273,0.3256547257448493,0.3484818943596081,0.38846860460510735,0.4442126966586992,0.30287894717321506,0.6375026985064474,0.3288258236001309,0.5433341234298863,0.5454254887955049,0.12076089069525114,0.11477359588497905,0.07436082028339908,0.05707532363791187,0.613414813225412,0.6794257923885706,11,heya8_cdk2_mdmx__bmn673,0.18881083108622576
11_1000038419_heya8_cdk2_mdmx__bmn673,0.05484610285822876,0.05484085946868904,0.023953876030119583,0.01573735879000425,0.04151197015320991,0.025542298639044825,0.035491889845180216,0.050285594257263706,0.004891647615723401,-0.001834771319069689,0.006133352839627978,0.014101476998325488,0.022069601157023156,0.030037725315720826,0.03800584947441833,0.045973973633116,0.13329668543201345,0.2442687337985149,0.3493141260244067,0.4571303179874988,0.5346280116664147,0.5802285214798711,0.6054485801749911,0.6498772764690169,0.6972727965431833,0.7524655927146277,0.7907652839557989,0.7829936844859526,0.8116002056813963,0.8097078410232171,0.7894198257026024,0.7827377032012581,0.7757768914098342,0.7414504559891927,0.7561162284696555,0.7281952291428764,0.7242436676881193,0.7232640835622539,0.7273941645712332,0.7379843220915496,0.7347749897471879,0.7163896007862472,0.7060308283163563,0.6851051568148789,0.6658258321401643,0.6745770356725241,0.7056412068900695,0.6933946351615742,0.7345681810622035,0.6711311962519543,0.6991420502875809,0.6528902866120878,0.6331273731754516,0.6133644597388156,0.5936015463021792,0.43588428107446175,0.27816701584674425,0.4254072053440121,0.4537395470755343,0.3096116271973824,0.3430029805581718,0.28945783466397124,0.4071736567128766,0.4143600195916624,0.3189722506915689,0.3961617252764245,0.4733511998612801,0.2953028743412661,0.3146366654454411,0.2292505262027145,0.249948160421012,0.2307894577104677,0.2979631335854108,0.2362731791341107,0.2516507963272294,0.2568342381346203,0.15221693106405454,0.2015836233842322,0.2095138112100466,0.15868439788626984,0.22218258948380712,0.33404892275276266,0.3965121883336329,0.4025599275109016,0.4451439257666658,0.4621513320491872,0.4797207724698137,11,heya8_cdk2_mdmx__bmn673,0.4143600195916624
65_1000127765_heya8_cdk2_mdmx__bmn673,0.14530135411380438,0.12363599576876876,0.13667109707806396,0.060297276408060166,0.009013718897101942,0.01271066570321262,0.016407612509323294,0.005546203048792214,0.04225802321393387,0.028422721243017656,0.06749168622070426,0.02546669388255051,0.03814402181015703,0.00029288890662046565,0.06085045591466684,0.12140802292271335,0.18196558993075973,0.2425231569388063,0.30308072394685265,0.3636382909548992,0.4241958579629456,0.484753424970992,0.5453109919790384,0.43983206191637336,0.574467442778459,0.5963182550715601,0.5063284289695702,0.5959494224321462,0.5504870211128248,0.5525685584873753,0.5643623046088659,0.5012342864517003,0.5351728421336763,0.5967727464510626,0.6026480216546094,0.5639812487057321,0.3935046819447594,0.2266775552640276,0.14828263867122302,0.14157010014737315,0.1348575616235232,0.12814502309967338,0.1214324845758234,0.11471994605197358,0.564676014356194,0.5574241851854749,0.4775647292586884,0.480862292076392,0.487353817412696,0.4576452189236482,0.6604292601389953,0.7411007665281688,0.7768028455275334,0.7267257313359328,0.6416123841518933,0.3706200914190677,0.4060110685311248,0.3577517086576529,0.6562989183609235,0.6485230613838575,0.2154646849537169,0.21522821786465704,0.25253855328102504,0.16652595051577698,0.16610555591262482,0.19049492615927546,0.24624453088796136,0.2363705502239288,0.28810699824982444,0.29217357439128205,0.2692403839689629,0.2767694848210655,0.2508760757413009,0.25827164720145457,0.2531404222677524,0.2683113163655846,0.25601376926840835,0.2766825883784499,0.2450170934302709,0.2587513294524801,0.2484140133552497,0.22566668628797976,0.2595562831339794,0.2012009644257144,0.1951891205707243,0.2133156876763524,0.2321406195585087,65,heya8_cdk2_mdmx__bmn673,0.25827164720145457
14_1000043990_heya8_cdk2_mdmx__bmn673,0.25689744668597125,0.2938421577887889,0.28369922004985104,0.2730014546515574,0.29718896141415835,0.2755738927715795,0.26475503490934243,0.2732842780206784,0.2444652139330124,0.2420057017915125,0.22058227588312587,0.20034331526294327,0.2309367292098967,0.2546725068278053,0.2903954327955222,0.3300848603480191,0.3722029838364698,0.3808676600966229,0.35963336005296564,0.3351765357552743,0.33320143466670593,0.3282546329633273,0.2771594868500575,0.2923638861715001,0.2607115207266994,0.10328163373300817,0.09933252781565112,0.0942791576259539,0.08949157215932736,0.0901493248732108,0.09704594580442748,0.12736369631896574,0.12994063413077628,0.11819165626961375,0.14404125662590184,0.15226913076964407,0.13948702558433893,0.1719397904544029,0.19241459645513764,0.3523124105659797,0.3608597106456863,0.3695057626893927,0.3546298573917766,0.3572240038184765,0.4137711385109892,0.4901232006500346,0.5424955286075154,0.5681589995075835,0.5728833336849412,0.5882097542775476,0.6286038958502563,0.6921715218982162,0.6956929134834999,0.6849102811142451,0.6956191728146974,0.6744758992032146,0.7143392038816654,0.687341222137834,0.691547966328654,0.6830753865822298,0.7068622151643982,0.7213308896325266,0.7142219674344197,0.6759068993124586,0.677019116614098,0.6430236734867111,0.7076498918764373,0.8028870580308305,0.8246125622915597,0.7789027141203552,0.8308527492909975,0.8996870341867959,0.740401092224195,0.8687079434668421,0.4100796721115001,0.8978271504208103,0.9652177673364292,0.4438669676043239,0.38684547854002,0.8474852395601956,0.8098514674102681,0.8471886510383752,0.8335644104017714,0.14277946412604234,0.7041530959449002,0.6998385924846339,0.7870433808777451,14,heya8_cdk2_mdmx__bmn673,0.3722029838364698
