,pc1,pc2,treatment,cell_line,prob_res,prob_sens,call
0,-0.44362468094425717,6.257422785847172e-16,neratinib,A355QFS76,0.16989310042052433,0.8301068995794757,sens
1,-0.4411385719096603,-9.146510677592214e-17,neratinib,D277H,0.17377647128300006,0.8262235287169998,sens
2,-0.37619114655302766,-8.767294868636197e-18,neratinib,D638H,0.30002725014643383,0.6999727498535661,sens
3,-0.29881414187773203,-1.2068297213636841e-17,neratinib,D639E,0.5,0.5,res
4,-0.49908403633143833,-4.458760177564993e-18,neratinib,D769Y,0.10019651527437877,0.8998034847256212,sens
5,-0.40833236387968896,-7.35787598609217e-17,neratinib,D873G,0.23160066897007425,0.7683993310299259,sens
6,-0.37619114655302766,-8.767294868636197e-18,neratinib,E717K,0.30002725014643383,0.6999727498535661,sens
7,-0.3452628053519008,-8.495338502395589e-17,neratinib,E744D,0.37343631831660945,0.6265636816833906,sens
8,-0.4726147985330114,-4.6192443977115177e-17,neratinib,G1055C,0.12958024898819484,0.870419751011805,sens
9,-0.491786752727862,1.8387546066490448e-18,neratinib,G621AFS31,0.10764408824344567,0.892355911756554,sens
10,-0.1658297660857178,-3.527957485954387e-17,neratinib,G778S779insLPS,0.8110881568203531,0.1889118431796469,res
11,-0.4860469490575862,-1.9023569416833094e-17,neratinib,H470Q,0.11384252250808573,0.8861574774919142,sens
12,-0.3371625255135104,-9.54557841000499e-17,neratinib,H878Y,0.39558010525843135,0.6044198947415685,sens
13,-0.4856891920218228,-3.909754107431773e-17,neratinib,I435L,0.11423905533510958,0.8857609446648905,sens
14,-0.47435216163174987,-7.494210393418092e-17,neratinib,I767M,0.1274444259296096,0.8725555740703903,sens
15,-0.5742225178237469,-1.3147504763309187e-17,neratinib,I886M,0.046641901582363005,0.953358098417637,sens
16,-0.5644468480377579,-1.0346594403940372e-16,neratinib,L313V,0.05163447588168285,0.9483655241183172,sens
17,-0.40833236387968896,-7.35787598609217e-17,neratinib,L43V,0.23160066897007425,0.7683993310299259,sens
18,-0.3982091458240476,-3.817742604501196e-17,neratinib,L662V,0.2519254239853631,0.748074576014637,sens
19,0.4698924475811959,-3.950179454193946e-17,neratinib,L755T759DEL,0.9997797394644152,0.00022026053558472835,res
20,-0.48868540719634207,-3.934586500616354e-17,neratinib,M833I,0.11095523992720342,0.8890447600727966,sens
21,-0.35968619711501243,-4.5693523621564906e-17,neratinib,ND611,0.33930911188849994,0.6606908881115002,sens
22,-0.3645655998604055,-6.748874907232464e-17,neratinib,ND611,0.32743199626316455,0.6725680037368356,sens
23,-0.24951693708912748,-7.876707160136364e-17,neratinib,ND611,0.6303866811401956,0.3696133188598045,res
24,-0.3424627086176424,-3.73692647923961e-17,neratinib,ND611,0.3811088834174488,0.6188911165825511,sens
25,-0.42975984209746304,-8.797119994991463e-17,neratinib,ND611,0.192440077246326,0.8075599227536738,sens
26,-0.5083272622293017,3.0307876198164098e-18,neratinib,ND648,0.09142677430004284,0.9085732256999572,sens
27,-0.39404737840117277,-2.3407990537264784e-17,neratinib,Nd611,0.2606150560261723,0.7393849439738278,sens
28,-0.6120955529694657,-5.5487633233128404e-17,neratinib,Nd611,0.03131413947256975,0.9686858605274304,sens
29,-0.4546024967921061,-5.930756546602771e-18,neratinib,Nd648,0.15356487098379376,0.8464351290162061,sens
30,-0.562610207047663,-9.439799096466737e-18,neratinib,Nd648,0.05262725144779573,0.9473727485522041,sens
31,-0.5307750965526842,-6.232519324578795e-17,neratinib,P416T,0.07295634777854348,0.9270436522214566,sens
32,-0.4574895197910532,5.061079593014857e-18,neratinib,P702L,0.14948949458345034,0.8505105054165496,sens
33,-0.5507961379762415,-9.179416188145712e-17,neratinib,R203P,0.05945638756293555,0.9405436124370646,sens
34,-0.4559489821414093,-5.76372040933376e-17,neratinib,R340G,0.15165294905768478,0.8483470509423152,sens
35,-0.3391051265607263,-9.669265859918922e-17,neratinib,R456C,0.3902829252396925,0.6097170747603075,sens
36,-0.42613365347599363,-6.9197519116338e-17,neratinib,R47C,0.19869730968747068,0.8013026903125292,sens
37,-0.2054167267812492,-6.556600304419255e-18,neratinib,R678Q,0.7356476997083831,0.26435230029161716,res
38,-0.3452628053519008,-8.495338502395589e-17,neratinib,S310Y,0.37343631831660945,0.6265636816833906,sens
39,-0.3023532148566436,-1.3428324427560568e-17,neratinib,S609C,0.4904115881388763,0.5095884118611237,sens
40,-0.3826193900183599,-8.294508885776362e-17,neratinib,T306M,0.28545046581506633,0.7145495341849335,sens
41,-0.36584058504105205,-4.856442830907084e-17,neratinib,T479M,0.3243638400580719,0.675636159941928,sens
42,-0.4559489821414093,-5.76372040933376e-17,neratinib,T733I,0.15165294905768478,0.8483470509423152,sens
43,-0.1963571159497084,-7.777858974545004e-17,neratinib,T798I,0.7544902917983005,0.2455097082016994,res
44,-0.2484504110239894,-8.777320821076748e-17,neratinib,T798I,0.6329946633269549,0.36700533667304497,res
45,0.0549863160744468,-3.7416707997736146e-17,neratinib,T798I,0.9793065126901427,0.020693487309857244,res
46,-0.0012102777419797353,-3.9259238163006564e-17,neratinib,T798I,0.961882234433054,0.03811776556694608,res
47,-0.10511333249609218,-3.826021141282079e-17,neratinib,T798I,0.8930398580420739,0.10696014195792612,res
48,-0.2428235666113643,-8.625807066142076e-17,neratinib,T798I,0.6465499777986266,0.3534500222013734,res
49,0.041644678693568554,-3.8589556763849217e-17,neratinib,T798I,0.9760663822067754,0.023933617793224508,res
50,-0.3869048856619147,-1.5963514913132646e-17,neratinib,V424I,0.27597237390622903,0.7240276260937708,sens
51,-0.1512026252663989,-4.375568656546657e-17,neratinib,V842I,0.8344250904609617,0.16557490953903822,res
52,-0.4116288989901157,-2.144362707402069e-17,neratinib,W906C,0.2252334532477665,0.7747665467522334,sens
53,-0.5273296150053742,6.160000068646926e-18,neratinib,WT,0.07554844776811144,0.9244515522318886,sens
54,-0.3666845893155644,-9.102455034630095e-18,neratinib,WT,0.3223410539962126,0.6776589460037873,sens
55,-0.387670152741121,-1.002736897856829e-16,neratinib,WT,0.27430046745914705,0.7256995325408533,sens
56,-0.5083272622293017,3.0307876198164098e-18,neratinib,WT,0.09142677430004284,0.9085732256999572,sens
57,-0.45975831160234687,-1.1623297008441746e-17,neratinib,WT,0.1463497066698768,0.8536502933301231,sens
58,-0.39790818528725824,-9.337186406229737e-17,neratinib,WT,0.25254735002323236,0.7474526499767676,sens
59,-0.4502556908275079,-4.8699320731917345e-17,neratinib,WT,0.15987165237376402,0.8401283476262361,sens
60,-0.3294113549983821,-4.63383600626551e-17,neratinib,Y64F,0.4166669493415151,0.5833330506584848,sens
61,-0.3960880906123894,-4.683044915629883e-17,neratinib,Y835F,0.2563300601157583,0.7436699398842418,sens
